path,original_tag_count,new_tag_count,changed,dropped_tags,remapped_tags,missing_mapping_tags,new_tags
acna2019/1.md,1,1,yes,,,,The Church
acna2019/10.md,1,1,yes,,,,The Church
acna2019/100.md,1,1,yes,,,,At Times of Prayer and Worship
acna2019/101.md,1,1,yes,,,,At Times of Prayer and Worship
acna2019/102.md,1,1,yes,,,,At Times of Prayer and Worship
acna2019/103.md,1,1,yes,,,,At Times of Prayer and Worship
acna2019/104.md,1,1,yes,,,,At Times of Prayer and Worship
acna2019/105.md,1,1,yes,,,,At Times of Prayer and Worship
acna2019/106.md,1,1,yes,,,,At Times of Prayer and Worship
acna2019/107.md,2,1,yes,Liturgy of St. Basil,,,At Times of Prayer and Worship
acna2019/108.md,1,1,yes,,,,At Times of Prayer and Worship
acna2019/109.md,2,1,yes,Lancelot Andrewes,,,"Death, the Departed, and the Communion of Saints"
acna2019/11.md,1,1,yes,,,,The Church
acna2019/110.md,2,1,yes,Miles Coverdale,,,"Death, the Departed, and the Communion of Saints"
acna2019/111.md,1,1,no,,,,"Death, the Departed, and the Communion of Saints"
acna2019/112.md,1,1,no,,,,"Death, the Departed, and the Communion of Saints"
acna2019/113.md,1,1,no,,,,"Death, the Departed, and the Communion of Saints"
acna2019/114.md,1,1,no,,,,"Death, the Departed, and the Communion of Saints"
acna2019/115.md,1,1,no,,,,"Death, the Departed, and the Communion of Saints"
acna2019/116.md,1,1,yes,,,,Thanksgivings
acna2019/117.md,1,1,yes,,,,Thanksgivings
acna2019/118.md,1,1,yes,,,,Thanksgivings
acna2019/119.md,1,1,yes,,,,Thanksgivings
acna2019/12.md,1,1,yes,,,,The Church
acna2019/120.md,1,1,yes,,,,Thanksgivings
acna2019/121.md,1,1,yes,,,,Thanksgivings
acna2019/122.md,1,1,yes,,,,Thanksgivings
acna2019/123.md,1,1,yes,,,,Thanksgivings
acna2019/124.md,1,1,yes,,,,Thanksgivings
acna2019/125.md,1,1,yes,,,,Thanksgivings
acna2019/126.md,1,1,yes,,,,Rites of Healing
acna2019/127.md,1,1,yes,,,,Rites of Healing
acna2019/128.md,1,1,yes,,,,Rites of Healing
acna2019/129.md,1,1,yes,,,,Rites of Healing
acna2019/13.md,1,1,yes,,,,The Church
acna2019/130.md,1,1,yes,,,,Rites of Healing
acna2019/131.md,1,1,yes,,,,Rites of Healing
acna2019/132.md,1,1,yes,,,,Rites of Healing
acna2019/133.md,1,1,yes,,,,Rites of Healing
acna2019/134.md,1,1,yes,,,,Rites of Healing
acna2019/135.md,1,1,yes,,,,Rites of Healing
acna2019/136.md,1,1,yes,,,,Rites of Healing
acna2019/137.md,1,1,yes,,,,Rites of Healing (Prayers for Use by a Sick Person)
acna2019/138.md,1,1,yes,,,,Rites of Healing (Prayers for Use by a Sick Person)
acna2019/139.md,1,1,yes,,,,Rites of Healing (Prayers for Use by a Sick Person)
acna2019/14.md,1,1,yes,,,,The Church
acna2019/140.md,1,1,yes,,,,Rites of Healing (Prayers for Use by a Sick Person)
acna2019/141.md,1,1,yes,,,,Rites of Healing (Prayers for Use by a Sick Person)
acna2019/142.md,1,1,yes,,,,Burial of the Dead
acna2019/143.md,1,1,yes,,,,Burial of the Dead
acna2019/144.md,1,1,yes,,,,Burial of the Dead
acna2019/145.md,1,1,yes,,,,Burial of the Dead
acna2019/146.md,1,1,yes,,,,Burial of the Dead
acna2019/147.md,1,1,yes,,,,Burial of the Dead
acna2019/148.md,1,1,yes,,,,Burial of the Dead
acna2019/149.md,1,1,yes,,,,Burial of the Dead
acna2019/15.md,1,1,yes,,,,The Church
acna2019/150.md,1,1,yes,,,,Prayer for Mission
acna2019/151.md,1,1,yes,,,,Prayer for Mission
acna2019/152.md,1,1,yes,,,,Prayer for Mission
acna2019/153.md,1,1,yes,,,,Prayer for Mission
acna2019/154.md,1,1,yes,,,,Prayer for Mission
acna2019/155.md,1,1,yes,,,,Prayer for Mission
acna2019/156.md,1,1,yes,,,,Thanksgivings
acna2019/157.md,1,1,yes,,,,General and Concluding Prayers
acna2019/158.md,1,1,yes,,,,Family Prayer
acna2019/159.md,1,1,yes,,,,Family Prayer
acna2019/16.md,1,1,yes,,,,The Church
acna2019/160.md,1,1,yes,,,,Family Prayer
acna2019/161.md,1,1,yes,,,,Family Prayer
acna2019/162.md,1,1,yes,,,,Family Prayer
acna2019/163.md,1,1,yes,,,,Family Prayer
acna2019/164.md,1,1,yes,,,,Family Prayer
acna2019/165.md,1,1,yes,,,,Family Prayer
acna2019/166.md,1,1,yes,,,,Family Prayer
acna2019/167.md,1,1,yes,,,,Family Prayer
acna2019/17.md,1,1,yes,,,,The Church
acna2019/18.md,1,1,yes,,,,The Church
acna2019/19.md,1,1,yes,,,,The Church
acna2019/2.md,2,1,yes,William Laud,,,The Church
acna2019/20.md,1,1,yes,,,,The Church
acna2019/21.md,1,1,yes,,,,Creation
acna2019/22.md,1,1,yes,,,,Creation
acna2019/23.md,1,1,yes,,,,Creation
acna2019/24.md,1,1,yes,,,,Creation
acna2019/25.md,1,1,yes,,,,Creation
acna2019/26.md,1,1,yes,,,,Creation
acna2019/27.md,1,1,yes,,,,The Nation
acna2019/28.md,1,1,yes,,,,The Nation
acna2019/29.md,1,1,yes,,,,The Nation
acna2019/3.md,1,1,yes,,,,The Church
acna2019/30.md,1,1,yes,,,,The Nation
acna2019/31.md,1,1,yes,,,,The Nation
acna2019/32.md,1,1,yes,,,,The Nation
acna2019/33.md,1,1,yes,,,,The Nation
acna2019/34.md,1,1,yes,,,,The Nation (Specific to Canada)
acna2019/35.md,1,1,yes,,,,The Nation (Specific to Canada)
acna2019/36.md,1,1,yes,,,,The Nation (Specific to Canada)
acna2019/37.md,1,1,yes,,,,The Nation (Specific to the United States or Mexico)
acna2019/38.md,1,1,yes,,,,The Nation (Specific to the United States or Mexico)
acna2019/39.md,1,1,yes,,,,The Nation (Specific to the United States or Mexico)
acna2019/4.md,1,1,yes,,,,The Church
acna2019/40.md,1,1,yes,,,,Social Order
acna2019/41.md,1,1,yes,,,,Social Order
acna2019/42.md,1,1,yes,,,,Social Order
acna2019/43.md,1,1,yes,,,,Social Order
acna2019/44.md,1,1,yes,,,,Social Order
acna2019/45.md,1,1,yes,,,,Social Order
acna2019/46.md,1,1,yes,,,,Social Order
acna2019/47.md,1,1,yes,,,,Social Order
acna2019/48.md,1,1,yes,,,,Social Order
acna2019/49.md,1,1,yes,,,,Social Order
acna2019/5.md,1,1,yes,,,,The Church
acna2019/50.md,1,1,yes,,,,Social Order
acna2019/51.md,1,1,yes,,,,Social Order
acna2019/52.md,1,1,yes,,,,Those in Need
acna2019/53.md,1,1,yes,,,,Those in Need
acna2019/54.md,1,1,yes,,,,Those in Need
acna2019/55.md,1,1,yes,,,,Those in Need
acna2019/56.md,1,1,yes,,,,Those in Need
acna2019/57.md,1,1,yes,,,,Those in Need
acna2019/58.md,1,1,yes,,,,Those in Need
acna2019/59.md,1,1,yes,,,,Those in Need
acna2019/6.md,1,1,yes,,,,The Church
acna2019/60.md,1,1,yes,,,,Those in Need
acna2019/61.md,1,1,yes,,,,Those in Need
acna2019/62.md,1,1,yes,,,,Those in Need
acna2019/63.md,1,1,yes,,,,Those in Need
acna2019/64.md,1,1,yes,,,,Those in Need
acna2019/65.md,1,1,yes,,,,Family and Personal Life
acna2019/66.md,1,1,yes,,,,Family and Personal Life
acna2019/67.md,1,1,yes,,,,Family and Personal Life
acna2019/68.md,1,1,yes,,,,Family and Personal Life
acna2019/69.md,1,1,yes,,,,Family and Personal Life
acna2019/7.md,1,1,yes,,,,The Church
acna2019/70.md,1,1,yes,,,,Family and Personal Life
acna2019/71.md,1,1,yes,,,,Family and Personal Life
acna2019/72.md,1,1,yes,,,,Family and Personal Life
acna2019/73.md,2,1,yes,William Temple,,,Family and Personal Life
acna2019/74.md,2,1,yes,Francis Xavier,,,Family and Personal Life
acna2019/75.md,1,1,yes,,,,Family and Personal Life
acna2019/76.md,1,1,yes,,,,Family and Personal Life
acna2019/77.md,1,1,yes,,,,Family and Personal Life
acna2019/78.md,2,1,yes,Thomas à Kempis,,,Family and Personal Life
acna2019/79.md,1,1,yes,,,,Family and Personal Life
acna2019/8.md,1,1,yes,,,,The Church
acna2019/80.md,1,1,yes,,,,Family and Personal Life
acna2019/81.md,1,1,yes,,,,Family and Personal Life
acna2019/82.md,1,1,yes,,,,Family and Personal Life
acna2019/83.md,1,1,yes,,,,Family and Personal Life (Throughout the Day)
acna2019/84.md,1,1,yes,,,,Family and Personal Life (Throughout the Day)
acna2019/85.md,2,1,yes,John Henry Newman,,,Family and Personal Life (Throughout the Day)
acna2019/86.md,1,1,yes,,,,Family and Personal Life (Throughout the Day)
acna2019/87.md,2,1,yes,In the Tradition of Francis of Assisi,,,Personal Devotion
acna2019/88.md,2,1,yes,Richard of Chichester,,,Personal Devotion
acna2019/89.md,2,1,yes,Anselm of Canterbury,,,Personal Devotion
acna2019/9.md,1,1,yes,,,,The Church
acna2019/90.md,2,1,yes,Benedict of Nursia,,,Personal Devotion
acna2019/91.md,2,1,yes,Joseph Mercier,,,Personal Devotion
acna2019/92.md,2,1,yes,Julian of Norwich,,,Personal Devotion
acna2019/93.md,2,1,yes,John Wesley,,,Personal Devotion
acna2019/94.md,2,1,yes,Thomas Aquinas,,,Personal Devotion
acna2019/95.md,1,1,yes,,,,Personal Devotion
acna2019/96.md,1,1,yes,,,,Personal Devotion
acna2019/97.md,1,1,yes,,,,At Times of Prayer and Worship
acna2019/98.md,1,1,yes,,,,At Times of Prayer and Worship
acna2019/99.md,1,1,yes,,,,At Times of Prayer and Worship
acna2019collects/1.md,1,1,yes,,,,Advent
acna2019collects/10.md,1,1,yes,,,,Epiphany
acna2019collects/100.md,1,1,yes,,Holy Days -> Other Feasts,,Other Feasts
acna2019collects/101.md,1,1,yes,,Holy Days -> Other Feasts,,Other Feasts
acna2019collects/102.md,1,1,yes,,Holy Days -> Other Feasts,,Other Feasts
acna2019collects/103.md,1,1,yes,,Holy Days -> Other Feasts,,Other Feasts
acna2019collects/104.md,1,1,yes,,Holy Days -> Other Feasts,,Other Feasts
acna2019collects/105.md,1,1,yes,,Holy Days -> Other Feasts,,Other Feasts
acna2019collects/106.md,1,1,yes,,Holy Days -> Other Feasts,,Other Feasts
acna2019collects/107.md,1,1,yes,,Holy Days -> Other Feasts,,Other Feasts
acna2019collects/108.md,1,1,yes,,Holy Days -> Other Feasts,,Other Feasts
acna2019collects/109.md,1,1,yes,,Holy Days -> Other Feasts,,Other Feasts
acna2019collects/11.md,1,1,yes,,,,Epiphany
acna2019collects/110.md,1,1,yes,,Holy Days -> Other Feasts,,Other Feasts
acna2019collects/111.md,1,1,yes,,Holy Days -> Other Feasts,,Other Feasts
acna2019collects/112.md,1,1,yes,,Holy Days -> Other Feasts,,Other Feasts
acna2019collects/113.md,1,1,yes,,Holy Days -> Other Feasts,,Other Feasts
acna2019collects/114.md,1,1,yes,,Holy Days -> Other Feasts,,Other Feasts
acna2019collects/115.md,1,1,yes,,Ember Days -> Other Feasts,,Other Feasts
acna2019collects/116.md,1,1,yes,,Ember Days -> Other Feasts,,Other Feasts
acna2019collects/117.md,1,1,yes,,Rogation Days -> Other Feasts,,Other Feasts
acna2019collects/118.md,1,1,yes,,Rogation Days -> Other Feasts,,Other Feasts
acna2019collects/119.md,1,0,yes,National Days,,,
acna2019collects/12.md,1,1,yes,,,,Epiphany
acna2019collects/120.md,1,0,yes,National Days,,,
acna2019collects/121.md,1,0,yes,National Days,,,
acna2019collects/122.md,1,0,yes,National Days,,,
acna2019collects/123.md,1,1,yes,,,,Commons of Commemoration
acna2019collects/124.md,1,1,yes,,,,Commons of Commemoration
acna2019collects/125.md,1,1,yes,,,,Commons of Commemoration
acna2019collects/126.md,1,1,yes,,,,Commons of Commemoration
acna2019collects/127.md,1,1,yes,,,,Commons of Commemoration
acna2019collects/128.md,1,1,yes,,,,Commons of Commemoration
acna2019collects/129.md,1,1,yes,,,,Commons of Commemoration
acna2019collects/13.md,1,1,yes,,,,Epiphany
acna2019collects/130.md,1,1,yes,,,,Commons of Commemoration
acna2019collects/131.md,1,1,yes,,,,Commons of Commemoration
acna2019collects/132.md,1,1,yes,,,,Commons of Commemoration
acna2019collects/14.md,1,1,yes,,,,Epiphany
acna2019collects/15.md,1,1,yes,,,,Epiphany
acna2019collects/16.md,1,1,yes,,,,Epiphany
acna2019collects/17.md,1,1,yes,,,,Epiphany
acna2019collects/18.md,1,1,yes,,,,Epiphany
acna2019collects/19.md,1,1,yes,,,,Epiphany
acna2019collects/2.md,1,1,yes,,,,Advent
acna2019collects/20.md,1,1,yes,,,,Epiphany
acna2019collects/21.md,1,1,yes,,,,Epiphany
acna2019collects/22.md,1,1,yes,,,,Lent
acna2019collects/23.md,1,1,yes,,,,Lent
acna2019collects/24.md,1,1,yes,,,,Lent
acna2019collects/25.md,1,1,yes,,,,Lent
acna2019collects/26.md,1,1,yes,,,,Lent
acna2019collects/27.md,1,1,yes,,,,Lent
acna2019collects/28.md,1,1,yes,,,,Holy Week
acna2019collects/29.md,1,1,yes,,,,Holy Week
acna2019collects/3.md,1,1,yes,,,,Advent
acna2019collects/30.md,1,1,yes,,,,Holy Week
acna2019collects/31.md,1,1,yes,,,,Holy Week
acna2019collects/32.md,1,1,yes,,,,Holy Week
acna2019collects/33.md,1,1,yes,,,,Holy Week
acna2019collects/34.md,1,1,yes,,,,Holy Week
acna2019collects/35.md,1,1,yes,,,,Holy Week
acna2019collects/36.md,1,1,yes,,,,Easter
acna2019collects/37.md,1,1,yes,,,,Easter
acna2019collects/38.md,1,1,yes,,,,Easter
acna2019collects/39.md,1,1,yes,,,,Easter
acna2019collects/4.md,1,1,yes,,,,Advent
acna2019collects/40.md,1,1,yes,,,,Easter
acna2019collects/41.md,1,1,yes,,,,Easter
acna2019collects/42.md,1,1,yes,,,,Easter
acna2019collects/43.md,1,1,yes,,,,Easter
acna2019collects/44.md,1,1,yes,,,,Easter
acna2019collects/45.md,1,1,yes,,,,Easter
acna2019collects/46.md,1,1,yes,,,,Easter
acna2019collects/47.md,1,1,yes,,,,Easter
acna2019collects/48.md,1,1,yes,,,,Easter
acna2019collects/49.md,1,1,yes,,,,Easter
acna2019collects/5.md,1,1,yes,,,,Christmas
acna2019collects/50.md,1,1,yes,,,,Easter
acna2019collects/51.md,1,1,yes,,,,Easter
acna2019collects/52.md,1,1,yes,,,,Easter
acna2019collects/53.md,1,1,yes,,,,Easter
acna2019collects/54.md,1,1,yes,,The Season After Pentecost -> Pentecost,,Pentecost
acna2019collects/55.md,1,1,yes,,The Season After Pentecost -> Pentecost,,Pentecost
acna2019collects/56.md,1,1,yes,,The Season After Pentecost -> Pentecost,,Pentecost
acna2019collects/57.md,1,1,yes,,The Season After Pentecost -> Pentecost,,Pentecost
acna2019collects/58.md,1,1,yes,,The Season After Pentecost -> Pentecost,,Pentecost
acna2019collects/59.md,1,1,yes,,The Season After Pentecost -> Pentecost,,Pentecost
acna2019collects/6.md,1,1,yes,,,,Christmas
acna2019collects/60.md,1,1,yes,,The Season After Pentecost -> Pentecost,,Pentecost
acna2019collects/61.md,1,1,yes,,The Season After Pentecost -> Pentecost,,Pentecost
acna2019collects/62.md,1,1,yes,,The Season After Pentecost -> Pentecost,,Pentecost
acna2019collects/63.md,1,1,yes,,The Season After Pentecost -> Pentecost,,Pentecost
acna2019collects/64.md,1,1,yes,,The Season After Pentecost -> Pentecost,,Pentecost
acna2019collects/65.md,1,1,yes,,The Season After Pentecost -> Pentecost,,Pentecost
acna2019collects/66.md,1,1,yes,,The Season After Pentecost -> Pentecost,,Pentecost
acna2019collects/67.md,1,1,yes,,The Season After Pentecost -> Pentecost,,Pentecost
acna2019collects/68.md,1,1,yes,,The Season After Pentecost -> Pentecost,,Pentecost
acna2019collects/69.md,1,1,yes,,The Season After Pentecost -> Pentecost,,Pentecost
acna2019collects/7.md,1,1,yes,,,,Christmas
acna2019collects/70.md,1,1,yes,,The Season After Pentecost -> Pentecost,,Pentecost
acna2019collects/71.md,1,1,yes,,The Season After Pentecost -> Pentecost,,Pentecost
acna2019collects/72.md,1,1,yes,,The Season After Pentecost -> Pentecost,,Pentecost
acna2019collects/73.md,1,1,yes,,The Season After Pentecost -> Pentecost,,Pentecost
acna2019collects/74.md,1,1,yes,,The Season After Pentecost -> Pentecost,,Pentecost
acna2019collects/75.md,2,1,yes,Confessions,The Season After Pentecost -> Pentecost,,Pentecost
acna2019collects/76.md,1,1,yes,,The Season After Pentecost -> Pentecost,,Pentecost
acna2019collects/77.md,1,1,yes,,The Season After Pentecost -> Pentecost,,Pentecost
acna2019collects/78.md,1,1,yes,,The Season After Pentecost -> Pentecost,,Pentecost
acna2019collects/79.md,1,1,yes,,The Season After Pentecost -> Pentecost,,Pentecost
acna2019collects/8.md,1,1,yes,,,,Christmas
acna2019collects/80.md,1,1,yes,,The Season After Pentecost -> Pentecost,,Pentecost
acna2019collects/81.md,1,1,yes,,The Season After Pentecost -> Pentecost,,Pentecost
acna2019collects/82.md,1,1,yes,,The Season After Pentecost -> Pentecost,,Pentecost
acna2019collects/83.md,1,1,yes,,The Season After Pentecost -> Pentecost,,Pentecost
acna2019collects/84.md,1,1,yes,,The Season After Pentecost -> Pentecost,,Pentecost
acna2019collects/85.md,1,1,yes,,Holy Days -> Other Feasts,,Other Feasts
acna2019collects/86.md,1,1,yes,,Holy Days -> Other Feasts,,Other Feasts
acna2019collects/87.md,1,1,yes,,Holy Days -> Other Feasts,,Other Feasts
acna2019collects/88.md,1,1,yes,,Holy Days -> Other Feasts,,Other Feasts
acna2019collects/89.md,1,1,yes,,Holy Days -> Other Feasts,,Other Feasts
acna2019collects/9.md,1,1,yes,,,,Christmas
acna2019collects/90.md,1,1,yes,,Holy Days -> Other Feasts,,Other Feasts
acna2019collects/91.md,1,1,yes,,Holy Days -> Other Feasts,,Other Feasts
acna2019collects/92.md,1,1,yes,,Holy Days -> Other Feasts,,Other Feasts
acna2019collects/93.md,1,1,yes,,Holy Days -> Other Feasts,,Other Feasts
acna2019collects/94.md,1,1,yes,,Holy Days -> Other Feasts,,Other Feasts
acna2019collects/95.md,1,1,yes,,Holy Days -> Other Feasts,,Other Feasts
acna2019collects/96.md,1,1,yes,,Holy Days -> Other Feasts,,Other Feasts
acna2019collects/97.md,1,1,yes,,Holy Days -> Other Feasts,,Other Feasts
acna2019collects/98.md,1,1,yes,,Holy Days -> Other Feasts,,Other Feasts
acna2019collects/99.md,1,1,yes,,Holy Days -> Other Feasts,,Other Feasts
coe1662/1.md,1,1,yes,,,,Creation
coe1662/10.md,1,1,yes,,,,The Nation
coe1662/11.md,1,1,yes,,,,The World
coe1662/12.md,1,1,yes,,,,Thanksgivings
coe1662/13.md,1,1,yes,,,,Thanksgivings
coe1662/14.md,1,1,yes,,,,Thanksgivings
coe1662/15.md,1,1,yes,,,,Thanksgivings
coe1662/16.md,1,1,yes,,,,Thanksgivings
coe1662/17.md,1,1,yes,,,,Thanksgivings
coe1662/18.md,1,1,yes,,,,Thanksgivings
coe1662/19.md,1,1,yes,,,,Thanksgivings
coe1662/2.md,1,1,yes,,,,Creation
coe1662/3.md,1,1,yes,,,,Creation
coe1662/4.md,1,1,yes,,,,Creation
coe1662/5.md,1,1,yes,,,,Social Order
coe1662/6.md,1,1,yes,,,,Pastoral
coe1662/7.md,1,1,yes,,Ember Days -> Other Feasts,,Other Feasts
coe1662/8.md,1,1,yes,,Ember Days -> Other Feasts,,Other Feasts
coe1662/9.md,1,1,yes,,,,General and Concluding Prayers
coi2004/1.md,1,1,yes,,,,The World
coi2004/10.md,1,1,yes,,,,Pastoral
coi2004/11.md,1,1,yes,,,,Pastoral
coi2004/12.md,1,1,yes,,,,Pastoral
coi2004/13.md,1,0,yes,Seasonal,,,
coi2004/14.md,1,0,yes,Seasonal,,,
coi2004/15.md,1,1,yes,,,,The Church
coi2004/16.md,1,1,yes,,,,The Church
coi2004/17.md,1,1,yes,,,,The Church
coi2004/18.md,1,1,yes,,,,The Church
coi2004/19.md,1,1,yes,,,,The Church
coi2004/2.md,1,1,yes,,,,The World
coi2004/20.md,1,1,yes,,,,The Church
coi2004/21.md,1,1,yes,,,,The Church
coi2004/22.md,1,1,yes,,,,The Church
coi2004/23.md,1,1,yes,,,,The Church
coi2004/24.md,1,1,yes,,,,The Church
coi2004/25.md,1,1,yes,,,,The Church
coi2004/26.md,1,1,yes,,,,The Church
coi2004/27.md,1,1,yes,,,,The Church
coi2004/28.md,1,1,yes,,,,General and Concluding Prayers
coi2004/29.md,1,1,yes,,,,General and Concluding Prayers
coi2004/3.md,1,1,yes,,,,The World
coi2004/30.md,1,1,yes,,,,General and Concluding Prayers
coi2004/31.md,2,1,yes,Confessions,,,General and Concluding Prayers
coi2004/32.md,1,1,yes,,,,General and Concluding Prayers
coi2004/33.md,1,1,yes,,,,General and Concluding Prayers
coi2004/34.md,1,1,yes,,,,General and Concluding Prayers
coi2004/35.md,1,1,yes,,,,General and Concluding Prayers
coi2004/36.md,1,1,yes,,,,General and Concluding Prayers
coi2004/37.md,1,1,yes,,,,Thanksgivings
coi2004/38.md,1,1,yes,,,,Thanksgivings
coi2004/39.md,1,1,yes,,,,Thanksgivings
coi2004/4.md,1,1,yes,,,,The Nation
coi2004/5.md,1,1,yes,,,,The Nation
coi2004/6.md,1,1,yes,,,,Pastoral
coi2004/7.md,1,1,yes,,,,Pastoral
coi2004/8.md,1,1,yes,,,,Pastoral
coi2004/9.md,1,1,yes,,,,Pastoral
davidtaylor/11.md,2,1,yes,W. David O. Taylor,,,Those in Need
davidtaylor/12.md,2,1,yes,W. David O. Taylor,,,Those in Need
davidtaylor/16.md,2,1,yes,W. David O. Taylor,,,Those in Need
davidtaylor/21.md,2,1,yes,W. David O. Taylor,,,Those in Need
davidtaylor/23.md,2,1,yes,W. David O. Taylor,,,Those in Need
davidtaylor/24.md,2,1,yes,W. David O. Taylor,,,Those in Need
davidtaylor/51.md,2,1,yes,W. David O. Taylor,,,The World
davidtaylor/60.md,2,1,yes,W. David O. Taylor,,,The World
davidtaylor/63.md,2,1,yes,W. David O. Taylor,,,The World
davidtaylor/66.md,2,1,yes,W. David O. Taylor,,,The World
other/1.md,3,1,yes,Fourth Century Prayers | Macrina the Younger,,,Those in Need
other/2.md,3,2,yes,Ryan Willers,,,The Church | Those in Need
other/3.md,2,1,yes,Ryan Willers,,,The Church
other/4.md,2,0,yes,Vesting Prayers | Charles Chapman Grafton,,,
other/5.md,2,0,yes,Vesting Prayers | Charles Chapman Grafton,,,
other/6.md,2,0,yes,Vesting Prayers | Charles Chapman Grafton,,,
other/7.md,2,0,yes,Vesting Prayers | Charles Chapman Grafton,,,
other/8.md,2,0,yes,Vesting Prayers | Charles Chapman Grafton,,,
other/altar-prayer.md,3,1,yes,Holy Communion | Ryan Willers,,,Sacraments and Ordinances
other/donne-bring-us.md,2,1,yes,John Donne,,,General and Concluding Prayers
other/donne-confession.md,3,1,yes,Confessions | John Donne,,,General and Concluding Prayers
other/donne-for-light.md,2,1,yes,John Donne,,,General and Concluding Prayers
parish-devotional/1452.md,2,1,yes,Opening Prayers,,,Devotional Prayers
parish-devotional/1453.md,3,1,yes,Opening Prayers | E. B. Pusey,,,Devotional Prayers
parish-devotional/1454.md,3,1,yes,Opening Prayers | American Prayer Book,,,Devotional Prayers
parish-devotional/1455.md,3,1,yes,Opening Prayers | William Bright,,,Devotional Prayers
parish-devotional/1456.md,3,1,yes,Opening Prayers | William Bright,,,Devotional Prayers
parish-devotional/1457.md,3,1,yes,Opening Prayers | Daily Prayer,,,Devotional Prayers
parish-devotional/1458.md,3,1,yes,Opening Prayers | Frank Colquhoun,,,Devotional Prayers
parish-devotional/1459.md,3,1,yes,Opening Prayers | From the Gothic,,,Devotional Prayers
parish-devotional/1460.md,3,1,yes,Opening Prayers | Daily Prayer,,,Devotional Prayers
parish-devotional/1461.md,2,1,yes,Opening Prayers,,,Devotional Prayers
parish-devotional/1462.md,3,1,yes,Opening Prayers | Leslie S. Hunter,,,Devotional Prayers
parish-devotional/1463.md,3,1,yes,Opening Prayers | Church of South India,,,Devotional Prayers
parish-devotional/1464.md,3,1,yes,Opening Prayers | Frank Colquhoun,,,Devotional Prayers
parish-devotional/1465.md,3,1,yes,Opening Prayers | Based on John 4:23; Isaiah 29:13; Psalm 103.,,,Devotional Prayers
parish-devotional/1466.md,3,1,yes,Opening Prayers | William Bright,,,Devotional Prayers
parish-devotional/1467.md,2,1,yes,Opening Prayers,,,Devotional Prayers
parish-devotional/1468.md,2,1,yes,Opening Prayers,,,Devotional Prayers
parish-devotional/1469.md,3,1,yes,Concluding Prayers | William Bright,,,Devotional Prayers
parish-devotional/1470.md,3,1,yes,Concluding Prayers | John Wesley’s Prayers,,,Devotional Prayers
parish-devotional/1471.md,2,1,yes,Concluding Prayers,,,Devotional Prayers
parish-devotional/1472.md,2,1,yes,Concluding Prayers,,,Devotional Prayers
parish-devotional/1473.md,2,1,yes,Concluding Prayers,,,Devotional Prayers
parish-devotional/1474.md,2,1,yes,Concluding Prayers,,,Devotional Prayers
parish-devotional/1475.md,3,1,yes,Concluding Prayers | Adapted from Book of Common Prayer,,,Devotional Prayers
parish-devotional/1476.md,2,1,yes,Concluding Prayers,,,Devotional Prayers
parish-devotional/1477.md,2,1,yes,Concluding Prayers,,,Devotional Prayers
parish-devotional/1478.md,3,1,yes,Concluding Prayers | Leonine Sacramentary,,,Devotional Prayers
parish-devotional/1479.md,3,1,yes,Concluding Prayers | Gallican Sacramentary,,,Devotional Prayers
parish-devotional/1480.md,3,1,yes,Concluding Prayers | Gregorian Sacramentary,,,Devotional Prayers
parish-devotional/1481.md,3,1,yes,Concluding Prayers | St. Anselm,,,Devotional Prayers
parish-devotional/1482.md,3,1,yes,Concluding Prayers | William Laud,,,Devotional Prayers
parish-devotional/1483.md,3,1,yes,"Concluding Prayers | Knox’s Book of Common Order, 1564",,,Devotional Prayers
parish-devotional/1484.md,3,1,yes,"Concluding Prayers | The Kingdom, the Power, and the Glory",,,Devotional Prayers
parish-devotional/1485.md,2,1,yes,Concluding Prayers,,,Devotional Prayers
parish-devotional/1486.md,3,1,yes,Concluding Prayers | Adapted from Book of Common Prayer,,,Devotional Prayers
parish-devotional/1487.md,3,1,yes,Concluding Prayers | Adapted from Micah 6:8,,,Devotional Prayers
parish-devotional/1488.md,2,1,yes,Concluding Prayers,,,Devotional Prayers
parish-devotional/1489.md,3,1,yes,Concluding Prayers | New Every Morning,,,Devotional Prayers
parish-devotional/1490.md,3,2,yes,Gelasian Sacramentary,In the Morning -> At Times of Prayer and Worship,,Devotional Prayers | At Times of Prayer and Worship
parish-devotional/1491.md,3,2,yes,Daybreak Office of the Eastern Church,In the Morning -> At Times of Prayer and Worship,,Devotional Prayers | At Times of Prayer and Worship
parish-devotional/1492.md,3,2,yes,From a prayer of the Eastern Church,In the Morning -> At Times of Prayer and Worship,,Devotional Prayers | At Times of Prayer and Worship
parish-devotional/1493.md,3,2,yes,Mozarabic Liturgy,In the Morning -> At Times of Prayer and Worship,,Devotional Prayers | At Times of Prayer and Worship
parish-devotional/1494.md,3,2,yes,"Book of Hours, 1864",In the Morning -> At Times of Prayer and Worship,,Devotional Prayers | At Times of Prayer and Worship
parish-devotional/1495.md,3,2,yes,American Prayer Book,In the Morning -> At Times of Prayer and Worship,,Devotional Prayers | At Times of Prayer and Worship
parish-devotional/1496.md,3,2,yes,Erasmus,In the Morning -> At Times of Prayer and Worship,,Devotional Prayers | At Times of Prayer and Worship
parish-devotional/1497.md,3,2,yes,Lancelot Andrewes,In the Morning -> At Times of Prayer and Worship,,Devotional Prayers | At Times of Prayer and Worship
parish-devotional/1498.md,3,2,yes,F. T. Woods,In the Morning -> At Times of Prayer and Worship,,Devotional Prayers | At Times of Prayer and Worship
parish-devotional/1499.md,2,2,yes,,In the Morning -> At Times of Prayer and Worship,,Devotional Prayers | At Times of Prayer and Worship
parish-devotional/1500.md,2,2,yes,,In the Morning -> At Times of Prayer and Worship,,Devotional Prayers | At Times of Prayer and Worship
parish-devotional/1501.md,2,2,yes,,In the Morning -> At Times of Prayer and Worship,,Devotional Prayers | At Times of Prayer and Worship
parish-devotional/1502.md,2,2,yes,,In the Morning -> At Times of Prayer and Worship,,Devotional Prayers | At Times of Prayer and Worship
parish-devotional/1503.md,3,2,yes,Leonine Sacramentary,At Evening -> At Times of Prayer and Worship,,Devotional Prayers | At Times of Prayer and Worship
parish-devotional/1504.md,3,2,yes,Order of Compline,At Evening -> At Times of Prayer and Worship,,Devotional Prayers | At Times of Prayer and Worship
parish-devotional/1505.md,2,2,yes,,At Evening -> At Times of Prayer and Worship,,Devotional Prayers | At Times of Prayer and Worship
parish-devotional/1506.md,3,2,yes,William Laud,At Evening -> At Times of Prayer and Worship,,Devotional Prayers | At Times of Prayer and Worship
parish-devotional/1507.md,2,2,yes,,At Evening -> At Times of Prayer and Worship,,Devotional Prayers | At Times of Prayer and Worship
parish-devotional/1508.md,3,2,yes,John Cosin,At Evening -> At Times of Prayer and Worship,,Devotional Prayers | At Times of Prayer and Worship
parish-devotional/1509.md,3,2,yes,Book of Common Order,At Evening -> At Times of Prayer and Worship,,Devotional Prayers | At Times of Prayer and Worship
parish-devotional/1510.md,3,2,yes,Canadian Prayer Book,At Evening -> At Times of Prayer and Worship,,Devotional Prayers | At Times of Prayer and Worship
parish-devotional/1511.md,2,2,yes,,At Evening -> At Times of Prayer and Worship,,Devotional Prayers | At Times of Prayer and Worship
parish-devotional/1512.md,3,2,yes,St. Augustine,At Evening -> At Times of Prayer and Worship,,Devotional Prayers | At Times of Prayer and Worship
parish-devotional/1513.md,2,2,yes,,At Evening -> At Times of Prayer and Worship,,Devotional Prayers | At Times of Prayer and Worship
parish-devotional/1514.md,3,2,yes,"The Kingdom, the Power, and the Glory",At Evening -> At Times of Prayer and Worship,,Devotional Prayers | At Times of Prayer and Worship
parish-devotional/1515.md,3,2,yes,Lutheran Church,At Evening -> At Times of Prayer and Worship,,Devotional Prayers | At Times of Prayer and Worship
parish-devotional/1516.md,3,2,yes,After J. H. Newman,At Evening -> At Times of Prayer and Worship,,Devotional Prayers | At Times of Prayer and Worship
parish-devotional/1517.md,2,1,yes,Praise and Thanksgiving,,,Devotional Prayers
parish-devotional/1518.md,3,1,yes,Praise and Thanksgiving | Lancelot Andrewes,,,Devotional Prayers
parish-devotional/1519.md,3,1,yes,Praise and Thanksgiving | St. Augustine,,,Devotional Prayers
parish-devotional/1520.md,3,1,yes,Praise and Thanksgiving | Daily Prayer,,,Devotional Prayers
parish-devotional/1521.md,2,1,yes,Praise and Thanksgiving,,,Devotional Prayers
parish-devotional/1522.md,3,1,yes,Praise and Thanksgiving | Gavin Hamilton,,,Devotional Prayers
parish-devotional/1523.md,3,1,yes,Praise and Thanksgiving | B. F. Westcott,,,Devotional Prayers
parish-devotional/1524.md,2,1,yes,Praise and Thanksgiving,,,Devotional Prayers
parish-devotional/1525.md,3,1,yes,Praise and Thanksgiving | The Splendour of God,,,Devotional Prayers
parish-devotional/1526.md,2,1,yes,Praise and Thanksgiving,,,Devotional Prayers
parish-devotional/1527.md,2,1,yes,Praise and Thanksgiving,,,Devotional Prayers
parish-devotional/1528.md,3,1,yes,Praise and Thanksgiving | Irish Prayer Book,,,Devotional Prayers
parish-devotional/1529.md,3,1,yes,Praise and Thanksgiving | Nonjurors’ Prayer Book,,,Devotional Prayers
parish-devotional/1530.md,3,1,yes,Praise and Thanksgiving | Book of Common Order,,,Devotional Prayers
parish-devotional/1531.md,3,1,yes,Praise and Thanksgiving | After the Third Collect,,,Devotional Prayers
parish-devotional/1532.md,3,1,yes,Praise and Thanksgiving | Eugene Bersier,,,Devotional Prayers
parish-devotional/1533.md,3,1,yes,General Prayers | St. Augustine,,,Devotional Prayers
parish-devotional/1534.md,3,1,yes,General Prayers | St. Patrick’s Breastplate,,,Devotional Prayers
parish-devotional/1535.md,3,1,yes,General Prayers | St. Benedict,,,Devotional Prayers
parish-devotional/1536.md,3,1,yes,General Prayers | Alcuin,,,Devotional Prayers
parish-devotional/1537.md,3,1,yes,General Prayers | St. Francis of Assisi,,,Devotional Prayers
parish-devotional/1538.md,3,1,yes,General Prayers | St. Thomas Aquinas,,,Devotional Prayers
parish-devotional/1539.md,3,1,yes,General Prayers | King Alfred,,,Devotional Prayers
parish-devotional/1540.md,3,1,yes,General Prayers | St. Anselm,,,Devotional Prayers
parish-devotional/1541.md,3,1,yes,General Prayers | A Devotional Diary,,,Devotional Prayers
parish-devotional/1542.md,2,1,yes,General Prayers,,,Devotional Prayers
parish-devotional/1543.md,3,1,yes,Penitence and Pardon | E. W. Benson,,,Devotional Prayers
parish-devotional/1544.md,3,1,yes,Penitence and Pardon | William Temple,,,Devotional Prayers
parish-devotional/1545.md,3,1,yes,Penitence and Pardon | C. J. Vaughan,,,Devotional Prayers
parish-devotional/1546.md,3,1,yes,Penitence and Pardon | Alcuin,,,Devotional Prayers
parish-devotional/1547.md,3,1,yes,Penitence and Pardon | John Hunter,,,Devotional Prayers
parish-devotional/1548.md,3,1,yes,Penitence and Pardon | Thomas Wilson,,,Devotional Prayers
parish-devotional/1549.md,3,1,yes,Penitence and Pardon | Christian von Bunsen,,,Devotional Prayers
parish-devotional/1550.md,2,1,yes,Penitence and Pardon,,,Devotional Prayers
parish-devotional/1551.md,2,1,yes,Penitence and Pardon,,,Devotional Prayers
parish-devotional/1552.md,2,1,yes,Penitence and Pardon,,,Devotional Prayers
parish-devotional/1553.md,3,1,yes,Love | Coptic Liturgy of St. Cyril,,,Devotional Prayers
parish-devotional/1554.md,3,1,yes,Love | B. F. Westcott,,,Devotional Prayers
parish-devotional/1555.md,3,1,yes,Love | Leonine Sacramentary,,,Devotional Prayers
parish-devotional/1556.md,3,1,yes,Love | Christina Rossetti,,,Devotional Prayers
parish-devotional/1557.md,3,1,yes,Love | Daily Prayer,,,Devotional Prayers
parish-devotional/1558.md,3,1,yes,Love | E. B. Pusey,,,Devotional Prayers
parish-devotional/1559.md,3,1,yes,Love | J. R. W. Stott,,,Devotional Prayers
parish-devotional/1560.md,3,1,yes,Love | William Temple,,,Devotional Prayers
parish-devotional/1561.md,3,1,yes,Love | W. Walsham How,,,Devotional Prayers
parish-devotional/1562.md,2,1,yes,Faith,,,Devotional Prayers
parish-devotional/1563.md,3,1,yes,Faith | Church of South India,,,Devotional Prayers
parish-devotional/1564.md,3,1,yes,Faith | James M. Todd,,,Devotional Prayers
parish-devotional/1565.md,3,1,yes,Faith | Frank Colquhoun,,,Devotional Prayers
parish-devotional/1566.md,3,1,yes,Faith | Frank Colquhoun,,,Devotional Prayers
parish-devotional/1567.md,3,1,yes,Faith | Daily Prayer,,,Devotional Prayers
parish-devotional/1568.md,3,1,yes,Faith | George Dawson,,,Devotional Prayers
parish-devotional/1569.md,2,1,yes,Faith,,,Devotional Prayers
parish-devotional/1570.md,2,1,yes,Faith,,,Devotional Prayers
parish-devotional/1571.md,3,1,yes,Growth in Grace | William Bright,,,Devotional Prayers
parish-devotional/1572.md,3,1,yes,"Growth in Grace | The Kingdom, the Power, and the Glory",,,Devotional Prayers
parish-devotional/1573.md,3,1,yes,Growth in Grace | The Daily Service,,,Devotional Prayers
parish-devotional/1574.md,2,1,yes,Growth in Grace,,,Devotional Prayers
parish-devotional/1575.md,3,1,yes,Growth in Grace | Daily Prayer,,,Devotional Prayers
parish-devotional/1576.md,2,1,yes,Growth in Grace,,,Devotional Prayers
parish-devotional/1577.md,3,1,yes,Inward Peace | Mozarabic Sacramentary,,,Devotional Prayers
parish-devotional/1578.md,3,1,yes,Inward Peace | William Bright,,,Devotional Prayers
parish-devotional/1579.md,3,1,yes,Inward Peace | B. F. Westcott,,,Devotional Prayers
parish-devotional/1580.md,2,1,yes,Inward Peace,,,Devotional Prayers
parish-devotional/1581.md,3,1,yes,Inward Peace | From Primer of 1555,,,Devotional Prayers
parish-devotional/1582.md,3,1,yes,Inward Peace | Christina Rossetti,,,Devotional Prayers
parish-devotional/1583.md,3,1,yes,Inward Peace | Frank Colquhoun,,,Devotional Prayers
parish-devotional/1584.md,2,1,yes,Inward Peace,,,Devotional Prayers
parish-devotional/1585.md,3,1,yes,Guidance | William Bright,,,Devotional Prayers
parish-devotional/1586.md,3,1,yes,Guidance | William Bright,,,Devotional Prayers
parish-devotional/1587.md,3,1,yes,Guidance | Arthur W. Robinson,,,Devotional Prayers
parish-devotional/1588.md,3,1,yes,Guidance | After Jeremy Taylor,,,Devotional Prayers
parish-devotional/1589.md,3,1,yes,Guidance | William Knight,,,Devotional Prayers
parish-devotional/1590.md,2,1,yes,Guidance,,,Devotional Prayers
parish-devotional/1591.md,3,1,yes,Guidance | Lancelot Andrewes,,,Devotional Prayers
parish-devotional/1592.md,3,1,yes,Knowledge and Truth | After St. Augustine,,,Devotional Prayers
parish-devotional/1593.md,3,1,yes,Knowledge and Truth | St. Francis of Assisi,,,Devotional Prayers
parish-devotional/1594.md,3,1,yes,Knowledge and Truth | Eric Fenn,,,Devotional Prayers
parish-devotional/1595.md,3,1,yes,Knowledge and Truth | Based on Ephesians 1:17–21,,,Devotional Prayers
parish-devotional/1596.md,3,1,yes,Knowledge and Truth | B. F. Westcott,,,Devotional Prayers
parish-devotional/1597.md,3,1,yes,Knowledge and Truth | After St. Fulgentius,,,Devotional Prayers
parish-devotional/1598.md,2,1,yes,Knowledge and Truth,,,Devotional Prayers
parish-devotional/1599.md,3,1,yes,Knowledge and Truth | The Splendour of God,,,Devotional Prayers
parish-devotional/1600.md,2,1,yes,Knowledge and Truth,,,Devotional Prayers
parish-devotional/1601.md,3,1,yes,Dedication | York Diocese,,,Devotional Prayers
parish-devotional/1602.md,3,1,yes,Dedication | St. Augustine,,,Devotional Prayers
parish-devotional/1603.md,3,1,yes,Dedication | Liturgy of the Catholic Apostolic Church,,,Devotional Prayers
parish-devotional/1604.md,2,1,yes,Dedication,,,Devotional Prayers
parish-devotional/1605.md,2,1,yes,Dedication,,,Devotional Prayers
parish-devotional/1606.md,3,1,yes,Dedication | William Temple,,,Devotional Prayers
parish-devotional/1607.md,2,1,yes,Dedication,,,Devotional Prayers
parish-devotional/1608.md,2,1,yes,Dedication,,,Devotional Prayers
parish-devotional/1609.md,3,1,yes,Dedication | John Wesley’s Prayers,,,Devotional Prayers
parish-devotional/1610.md,2,1,yes,Dedication,,,Devotional Prayers
parish-devotional/1611.md,3,1,yes,Dedication | Based on Philippians 2:9–11,,,Devotional Prayers
parish-devotional/1612.md,2,1,yes,Dedication,,,Devotional Prayers
parish-devotional/1613.md,3,1,yes,Dedication | M. A. P. Wood (after St. Augustine),,,Devotional Prayers
parish-devotional/1614.md,3,1,yes,Courage and Perseverance | After Sir Francis Drake,,,Devotional Prayers
parish-devotional/1615.md,3,1,yes,Courage and Perseverance | After St. Thomas Aquinas,,,Devotional Prayers
parish-devotional/1616.md,2,1,yes,Courage and Perseverance,,,Devotional Prayers
parish-devotional/1617.md,2,1,yes,Courage and Perseverance,,,Devotional Prayers
parish-devotional/1618.md,3,1,yes,Courage and Perseverance | George Hickes,,,Devotional Prayers
parish-devotional/1619.md,3,1,yes,Courage and Perseverance | Henry Alford,,,Devotional Prayers
parish-devotional/1620.md,2,1,yes,Courage and Perseverance,,,Devotional Prayers
parish-devotional/1621.md,3,1,yes,Courage and Perseverance | E. B. Pusey,,,Devotional Prayers
parish-devotional/1622.md,3,1,yes,Courage and Perseverance | Leonine Sacramentary,,,Devotional Prayers
parish-devotional/1623.md,2,1,yes,Courage and Perseverance,,,Devotional Prayers
parish-devotional/1624.md,3,1,yes,The Spirit of Service | St. Augustine,,,Devotional Prayers
parish-devotional/1625.md,2,1,yes,The Spirit of Service,,,Devotional Prayers
parish-devotional/1626.md,3,1,yes,The Spirit of Service | Samuel Johnson,,,Devotional Prayers
parish-devotional/1627.md,3,1,yes,The Spirit of Service | B. F. Westcott,,,Devotional Prayers
parish-devotional/1628.md,2,1,yes,The Spirit of Service,,,Devotional Prayers
parish-devotional/1629.md,2,1,yes,Our Daily Work,,,Devotional Prayers
parish-devotional/1630.md,3,1,yes,Our Daily Work | Frank Colquhoun,,,Devotional Prayers
parish-devotional/1631.md,3,1,yes,Our Daily Work | After Jeremy Taylor,,,Devotional Prayers
parish-devotional/1632.md,2,1,yes,Our Daily Work,,,Devotional Prayers
parish-devotional/1633.md,3,1,yes,Our Daily Work | Artists’ Prayer Guild,,,Devotional Prayers
parish-devotional/1634.md,3,1,yes,Our Daily Work | E. M. Goulburn,,,Devotional Prayers
parish-devotional/1635.md,3,1,yes,Our Daily Work | B. F. Westcott,,,Devotional Prayers
parish-devotional/1636.md,3,1,yes,Our Daily Work | Benjamin Jenks,,,Devotional Prayers
parish-devotional/1637.md,3,1,yes,Our Daily Work | William Bright,,,Devotional Prayers
parish-devotional/1638.md,3,1,yes,Our Daily Work | Westminster Prayers,,,Devotional Prayers
parish-devotional/1639.md,3,1,yes,Our Daily Work | J. R. W. Stott,,,Devotional Prayers
parish-devotional/1640.md,3,1,yes,Our Daily Work | With all our Strength,,,Devotional Prayers
parish-devotional/1641.md,2,1,yes,Our Daily Work,,,Devotional Prayers
parish-devotional/1642.md,3,1,yes,The Christian Warfare | St. Augustine,,,Devotional Prayers
parish-devotional/1643.md,3,1,yes,The Christian Warfare | C. J. Vaughan,,,Devotional Prayers
parish-devotional/1644.md,3,1,yes,"The Christian Warfare | A Form of Prayer, May 1940",,,Devotional Prayers
parish-devotional/1645.md,3,1,yes,The Christian Warfare | New Every Morning,,,Devotional Prayers
parish-devotional/1646.md,2,1,yes,The Christian Warfare,,,Devotional Prayers
parish-devotional/1647.md,3,1,yes,The Christian Warfare | Frank Colquhoun,,,Devotional Prayers
parish-devotional/1648.md,3,1,yes,The Christian Warfare | Nicholas Ridley,,,Devotional Prayers
parish-devotional/1649.md,2,1,yes,The Christian Warfare,,,Devotional Prayers
parish-devotional/1650.md,3,1,yes,"The Christian Warfare | Trinity College, Dublin",,,Devotional Prayers
parish-devotional/1651.md,3,1,yes,Various | A Book of Prayers for Students,,,Devotional Prayers
parish-devotional/1652.md,3,1,yes,Various | Uppingham School Prayers,,,Devotional Prayers
parish-devotional/1653.md,2,1,yes,Various,,,Devotional Prayers
parish-devotional/1654.md,2,1,yes,Various,,,Devotional Prayers
parish-devotional/1655.md,3,1,yes,Various | C. J. Vaughan,,,Devotional Prayers
parish-devotional/1656.md,3,1,yes,Various | William Temple,,,Devotional Prayers
parish-devotional/1657.md,2,1,yes,Various,,,Devotional Prayers
parish-devotional/1658.md,3,1,yes,Various | Charles Kingsley,,,Devotional Prayers
parish-devotional/1659.md,3,1,yes,Various | New Every Morning,,,Devotional Prayers
parish-devotional/1660.md,2,1,yes,Various,,,Devotional Prayers
parish-devotional/1661.md,3,1,yes,Various | Gelasian Sacramentary,,,Devotional Prayers
parish-devotional/1662.md,2,1,yes,Various,,,Devotional Prayers
parish-devotional/1663.md,2,1,yes,Various,,,Devotional Prayers
parish-devotional/1664.md,3,1,yes,"Various | The Kingdom, the Power, and the Glory",,,Devotional Prayers
parish-devotional/1665.md,3,1,yes,Various | Roman Breviary,,,Devotional Prayers
parish-devotional/1666.md,3,1,yes,Various | Adapted from an ancient collect,,,Devotional Prayers
parish-devotional/1667.md,2,1,yes,Various,,,Devotional Prayers
parish-devotional/1668.md,2,1,yes,Various,,,Devotional Prayers
parish-devotional/1669.md,3,1,yes,Various | Lancelot Andrewes,,,Devotional Prayers
parish-devotional/1670.md,2,1,yes,Various,,,Devotional Prayers
parish-devotional/1671.md,3,1,yes,Various | Leonine Sacramentary,,,Devotional Prayers
parish-devotional/1672.md,3,1,yes,Various | Frank Colquhoun,,,Devotional Prayers
parish-devotional/1673.md,3,1,yes,Various | Frank Colquhoun,,,Devotional Prayers
parish-devotional/1674.md,2,1,yes,Various,,,Devotional Prayers
parish-devotional/1675.md,2,1,yes,Various,,,Devotional Prayers
parish-devotional/1676.md,3,1,yes,Various | American Prayer Book,,,Devotional Prayers
parish-devotional/1677.md,2,1,yes,Various,,,Devotional Prayers
parish-devotional/1678.md,3,1,yes,Various | John Cosin,,,Devotional Prayers
parish-devotional/1679.md,3,1,yes,Various | Frank Colquhoun,,,Devotional Prayers
parish-devotional/1680.md,3,1,yes,"Various | A Form of Prayer, May 1940",,,Devotional Prayers
parish-devotional/1681.md,2,1,yes,Various,,,Devotional Prayers
parish-devotional/1682.md,3,1,yes,Various | Frank Colquhoun,,,Devotional Prayers
parish-devotional/1683.md,2,1,yes,Benedictions and Doxologies,,,Devotional Prayers
parish-devotional/1684.md,2,1,yes,Benedictions and Doxologies,,,Devotional Prayers
parish-devotional/1685.md,3,1,yes,Benedictions and Doxologies | Based on a sixteenth century prayer,,,Devotional Prayers
parish-devotional/1686.md,3,1,yes,Benedictions and Doxologies | William Temple,,,Devotional Prayers
parish-devotional/1687.md,3,1,yes,Benedictions and Doxologies | Based on Numbers 6:24–26,,,Devotional Prayers
parish-devotional/1688.md,2,1,yes,Benedictions and Doxologies,,,Devotional Prayers
parish-devotional/1689.md,2,1,yes,Benedictions and Doxologies,,,Devotional Prayers
parish-devotional/1690.md,2,1,yes,Benedictions and Doxologies,,,Devotional Prayers
parish-devotional/1691.md,3,1,yes,Benedictions and Doxologies | Southwark Diocese,,,Devotional Prayers
parish-devotional/1692.md,3,1,yes,Benedictions and Doxologies | Thomas Ken,,,Devotional Prayers
parish-devotional/1693.md,3,1,yes,Benedictions and Doxologies | Thomas Ken,,,Devotional Prayers
parish-devotional/1694.md,2,1,yes,Benedictions and Doxologies,,,Devotional Prayers
parish-devotional/1695.md,3,1,yes,"Benedictions and Doxologies | Ephesians 3:20, 21",,,Devotional Prayers
parish-devotional/1696.md,3,1,yes,"Benedictions and Doxologies | Hebrews 13:20, 21",,,Devotional Prayers
parish-devotional/1697.md,3,1,yes,"Benedictions and Doxologies | Jude 24, 25",,,Devotional Prayers
parish-devotional/1698.md,3,1,yes,Benedictions and Doxologies | 1 Peter 5:10–11,,,Devotional Prayers
parish-devotional/1699.md,3,1,yes,"Benedictions and Doxologies | Revelation 1:5, 6",,,Devotional Prayers
parish-intercessory/1029.md,3,1,yes,General Intercessions | A Prayer of the Eastern Church,,,Intercessory Prayers
parish-intercessory/1030.md,3,1,yes,General Intercessions | After Jeremy Taylor,,,Intercessory Prayers
parish-intercessory/1031.md,3,1,yes,General Intercessions | John Wesley’s Prayers,,,Intercessory Prayers
parish-intercessory/1032.md,3,1,yes,General Intercessions | John Hunter,,,Intercessory Prayers
parish-intercessory/1033.md,3,1,yes,General Intercessions | After the 55th Canon of 1603,,,Intercessory Prayers
parish-intercessory/1034.md,3,1,yes,The Coming of God’s Kingdom | George H. Russell,,,Intercessory Prayers
parish-intercessory/1035.md,3,1,yes,The Coming of God’s Kingdom | Book of Common Order,,,Intercessory Prayers
parish-intercessory/1036.md,3,1,yes,The Coming of God’s Kingdom | School Prayers,,,Intercessory Prayers
parish-intercessory/1037.md,3,1,yes,"The Coming of God’s Kingdom | The Kingdom, the Power, and the Glory",,,Intercessory Prayers
parish-intercessory/1038.md,3,1,yes,The Coming of God’s Kingdom | Percy Dearmer,,,Intercessory Prayers
parish-intercessory/1039.md,3,1,yes,The Coming of God’s Kingdom | In Watchings Often,,,Intercessory Prayers
parish-intercessory/1040.md,3,1,yes,The Coming of God’s Kingdom | R. Ambrose Reeves,,,Intercessory Prayers
parish-intercessory/1041.md,3,1,yes,The Coming of God’s Kingdom | Frank Colquhoun,,,Intercessory Prayers
parish-intercessory/1042.md,3,1,yes,"The Coming of God’s Kingdom | War Prayers, 1940",,,Intercessory Prayers
parish-intercessory/1043.md,3,1,yes,The Coming of God’s Kingdom | Percy Dearmer,,,Intercessory Prayers
parish-intercessory/1044.md,2,1,yes,The Coming of God’s Kingdom,,,Intercessory Prayers
parish-intercessory/1045.md,3,1,yes,The Coming of God’s Kingdom | Prayers of the World-Wide Church,,,Intercessory Prayers
parish-intercessory/1046.md,2,1,yes,The Coming of God’s Kingdom,,,Intercessory Prayers
parish-intercessory/1047.md,2,2,yes,,The Nations of the World -> The Nation,,Intercessory Prayers | The Nation
parish-intercessory/1048.md,3,2,yes,After the Third Collect,The Nations of the World -> The Nation,,Intercessory Prayers | The Nation
parish-intercessory/1049.md,3,2,yes,Joost de Blank,The Nations of the World -> The Nation,,Intercessory Prayers | The Nation
parish-intercessory/1050.md,2,2,yes,,The Nations of the World -> The Nation,,Intercessory Prayers | The Nation
parish-intercessory/1051.md,3,2,yes,American Prayer Book,The Nations of the World -> The Nation,,Intercessory Prayers | The Nation
parish-intercessory/1052.md,3,2,yes,William Temple,The Nations of the World -> The Nation,,Intercessory Prayers | The Nation
parish-intercessory/1053.md,3,2,yes,Frederick B. Macnutt,The Nations of the World -> The Nation,,Intercessory Prayers | The Nation
parish-intercessory/1054.md,2,2,yes,,The Nations of the World -> The Nation,,Intercessory Prayers | The Nation
parish-intercessory/1055.md,3,2,yes,E. W. Benson,The Nations of the World -> The Nation,,Intercessory Prayers | The Nation
parish-intercessory/1056.md,3,2,yes,Charles F. d’Arcy,The Nations of the World -> The Nation,,Intercessory Prayers | The Nation
parish-intercessory/1057.md,3,2,yes,"A Form of Prayer, August 1914",The Nations of the World -> The Nation,,Intercessory Prayers | The Nation
parish-intercessory/1058.md,3,2,yes,W. E. Orchard,The Nations of the World -> The Nation,,Intercessory Prayers | The Nation
parish-intercessory/1059.md,3,2,yes,New Every Morning,The Nations of the World -> The Nation,,Intercessory Prayers | The Nation
parish-intercessory/1060.md,2,2,yes,,The Nations of the World -> The Nation,,Intercessory Prayers | The Nation
parish-intercessory/1061.md,3,2,yes,Olive Warner,The Nations of the World -> The Nation,,Intercessory Prayers | The Nation
parish-intercessory/1062.md,3,2,yes,G. C. Binyon,The Nations of the World -> The Nation,,Intercessory Prayers | The Nation
parish-intercessory/1063.md,3,2,yes,A Book of Prayers for Students,The Nations of the World -> The Nation,,Intercessory Prayers | The Nation
parish-intercessory/1064.md,2,2,yes,,The Nations of the World -> The Nation,,Intercessory Prayers | The Nation
parish-intercessory/1065.md,3,2,yes,American Prayer Book,The Nations of the World -> The Nation,,Intercessory Prayers | The Nation
parish-intercessory/1066.md,3,2,yes,Frederick B. Macnutt,The Nations of the World -> The Nation,,Intercessory Prayers | The Nation
parish-intercessory/1067.md,3,2,yes,Frederick B. Macnutt,The Nations of the World -> The Nation,,Intercessory Prayers | The Nation
parish-intercessory/1068.md,3,2,yes,Gladys E. Bretherton,The Nations of the World -> The Nation,,Intercessory Prayers | The Nation
parish-intercessory/1069.md,3,2,yes,"Peace Prayers, 1946",The Nations of the World -> The Nation,,Intercessory Prayers | The Nation
parish-intercessory/1070.md,3,1,yes,Rulers and Statesmen | New Every Morning,,,Intercessory Prayers
parish-intercessory/1071.md,3,1,yes,Rulers and Statesmen | Leslie S. Hunter,,,Intercessory Prayers
parish-intercessory/1072.md,3,1,yes,Rulers and Statesmen | New Every Morning,,,Intercessory Prayers
parish-intercessory/1073.md,3,1,yes,Rulers and Statesmen | George H. Russell,,,Intercessory Prayers
parish-intercessory/1074.md,3,1,yes,"Rulers and Statesmen | The Kingdom, the Power, and the Glory",,,Intercessory Prayers
parish-intercessory/1075.md,2,1,yes,Rulers and Statesmen,,,Intercessory Prayers
parish-intercessory/1076.md,3,1,yes,"Rulers and Statesmen | Armistice Day Prayers, 1931",,,Intercessory Prayers
parish-intercessory/1077.md,2,1,yes,Rulers and Statesmen,,,Intercessory Prayers
parish-intercessory/1078.md,3,2,yes,After William Laud,Our Nation and Government -> The Nation,,Intercessory Prayers | The Nation
parish-intercessory/1079.md,2,2,yes,,Our Nation and Government -> The Nation,,Intercessory Prayers | The Nation
parish-intercessory/1080.md,3,2,yes,George H. Russell,Our Nation and Government -> The Nation,,Intercessory Prayers | The Nation
parish-intercessory/1081.md,2,2,yes,,Our Nation and Government -> The Nation,,Intercessory Prayers | The Nation
parish-intercessory/1082.md,2,2,yes,,Our Nation and Government -> The Nation,,Intercessory Prayers | The Nation
parish-intercessory/1083.md,3,2,yes,Handley C. G. Moule,Our Nation and Government -> The Nation,,Intercessory Prayers | The Nation
parish-intercessory/1084.md,2,2,yes,,Our Nation and Government -> The Nation,,Intercessory Prayers | The Nation
parish-intercessory/1085.md,3,2,yes,William Bellars,Our Nation and Government -> The Nation,,Intercessory Prayers | The Nation
parish-intercessory/1086.md,2,2,yes,,Our Nation and Government -> The Nation,,Intercessory Prayers | The Nation
parish-intercessory/1087.md,3,2,yes,W. E. Scudamore,Our Nation and Government -> The Nation,,Intercessory Prayers | The Nation
parish-intercessory/1088.md,3,2,yes,From the Accession Service,Our Nation and Government -> The Nation,,Intercessory Prayers | The Nation
parish-intercessory/1089.md,3,2,yes,From the Accession Service,Our Nation and Government -> The Nation,,Intercessory Prayers | The Nation
parish-intercessory/1090.md,2,2,yes,,Our Nation and Government -> The Nation,,Intercessory Prayers | The Nation
parish-intercessory/1091.md,3,2,yes,Gavin Hamilton,Our Nation and Government -> The Nation,,Intercessory Prayers | The Nation
parish-intercessory/1092.md,2,2,yes,,Our Nation and Government -> The Nation,,Intercessory Prayers | The Nation
parish-intercessory/1093.md,3,2,yes,Book of Prayers for Students,Our Nation and Government -> The Nation,,Intercessory Prayers | The Nation
parish-intercessory/1094.md,3,2,yes,Adapted from Thomas Arnold,Our Nation and Government -> The Nation,,Intercessory Prayers | The Nation
parish-intercessory/1095.md,2,2,yes,,Our Nation and Government -> The Nation,,Intercessory Prayers | The Nation
parish-intercessory/1096.md,3,2,yes,An adaptation of the House of Commons Prayer,Our Nation and Government -> The Nation,,Intercessory Prayers | The Nation
parish-intercessory/1097.md,3,2,yes,Adapted from Book of Common Prayer,Our Nation and Government -> The Nation,,Intercessory Prayers | The Nation
parish-intercessory/1098.md,2,2,yes,,Our Nation and Government -> The Nation,,Intercessory Prayers | The Nation
parish-intercessory/1099.md,3,2,yes,Prayer of the Order of the Garter,Our Nation and Government -> The Nation,,Intercessory Prayers | The Nation
parish-intercessory/1100.md,3,2,yes,New Every Morning,Our Nation and Government -> The Nation,,Intercessory Prayers | The Nation
parish-intercessory/1101.md,2,2,yes,,Our Nation and Government -> The Nation,,Intercessory Prayers | The Nation
parish-intercessory/1102.md,2,2,yes,,Our Nation and Government -> The Nation,,Intercessory Prayers | The Nation
parish-intercessory/1103.md,3,2,yes,The Boys’ Prayer Book,Our Nation and Government -> The Nation,,Intercessory Prayers | The Nation
parish-intercessory/1104.md,3,2,yes,"The Kingdom, the Power, and the Glory",Our Nation and Government -> The Nation,,Intercessory Prayers | The Nation
parish-intercessory/1105.md,3,2,yes,New Every Morning,Our Nation and Government -> The Nation,,Intercessory Prayers | The Nation
parish-intercessory/1106.md,3,2,yes,A Book of Public Worship,Our Nation and Government -> The Nation,,Intercessory Prayers | The Nation
parish-intercessory/1107.md,3,2,yes,"A Form of Prayer, August 1918",Our Nation and Government -> The Nation,,Intercessory Prayers | The Nation
parish-intercessory/1108.md,2,2,yes,,Our Nation and Government -> The Nation,,Intercessory Prayers | The Nation
parish-intercessory/1109.md,3,2,yes,Charles Gore,Our Nation and Government -> The Nation,,Intercessory Prayers | The Nation
parish-intercessory/1110.md,2,2,yes,,Our Nation and Government -> The Nation,,Intercessory Prayers | The Nation
parish-intercessory/1111.md,3,2,yes,J. Armitage Robinson,Our Nation and Government -> The Nation,,Intercessory Prayers | The Nation
parish-intercessory/1112.md,3,2,yes,American Prayer Book,Our Nation and Government -> The Nation,,Intercessory Prayers | The Nation
parish-intercessory/1113.md,3,2,yes,American Prayer Book,Our Nation and Government -> The Nation,,Intercessory Prayers | The Nation
parish-intercessory/1114.md,3,2,yes,Henry Scott Holland,Our Nation and Government -> The Nation,,Intercessory Prayers | The Nation
parish-intercessory/1115.md,3,2,yes,F. T. Woods,Our Nation and Government -> The Nation,,Intercessory Prayers | The Nation
parish-intercessory/1116.md,2,2,yes,,Our Nation and Government -> The Nation,,Intercessory Prayers | The Nation
parish-intercessory/1117.md,2,2,yes,,Our Nation and Government -> The Nation,,Intercessory Prayers | The Nation
parish-intercessory/1118.md,2,2,yes,,Our Nation and Government -> The Nation,,Intercessory Prayers | The Nation
parish-intercessory/1119.md,2,2,yes,,Our Nation and Government -> The Nation,,Intercessory Prayers | The Nation
parish-intercessory/1120.md,3,2,yes,Randall T. Davidson,Our Nation and Government -> The Nation,,Intercessory Prayers | The Nation
parish-intercessory/1121.md,3,2,yes,William Temple,Our Nation and Government -> The Nation,,Intercessory Prayers | The Nation
parish-intercessory/1122.md,3,2,yes,Geoffrey F. Fisher,Our Nation and Government -> The Nation,,Intercessory Prayers | The Nation
parish-intercessory/1123.md,3,2,yes,Diocese of Rochester,Our Nation and Government -> The Nation,,Intercessory Prayers | The Nation
parish-intercessory/1124.md,2,2,yes,,Our Nation and Government -> The Nation,,Intercessory Prayers | The Nation
parish-intercessory/1125.md,2,2,yes,,Our Nation and Government -> The Nation,,Intercessory Prayers | The Nation
parish-intercessory/1126.md,2,2,yes,,Our Nation and Government -> The Nation,,Intercessory Prayers | The Nation
parish-intercessory/1127.md,3,2,yes,Daily Prayer,Our Nation and Government -> The Nation,,Intercessory Prayers | The Nation
parish-intercessory/1128.md,2,2,yes,,Our Nation and Government -> The Nation,,Intercessory Prayers | The Nation
parish-intercessory/1129.md,3,1,yes,The Commonwealth | The Earl of Meath,,,Intercessory Prayers
parish-intercessory/1130.md,3,1,yes,The Commonwealth | Book of Prayers for Students,,,Intercessory Prayers
parish-intercessory/1131.md,2,1,yes,The Commonwealth,,,Intercessory Prayers
parish-intercessory/1132.md,3,1,yes,The Commonwealth | Jeremy Taylor,,,Intercessory Prayers
parish-intercessory/1133.md,3,1,yes,"The Commonwealth | A Form of Prayer, August 1918",,,Intercessory Prayers
parish-intercessory/1134.md,3,1,yes,The Commonwealth | E. M. Venables,,,Intercessory Prayers
parish-intercessory/1135.md,2,1,yes,The Commonwealth,,,Intercessory Prayers
parish-intercessory/1136.md,3,1,yes,Society and Industry | American Prayer Book,,,Intercessory Prayers
parish-intercessory/1137.md,3,1,yes,Society and Industry | William Temple,,,Intercessory Prayers
parish-intercessory/1138.md,2,1,yes,Society and Industry,,,Intercessory Prayers
parish-intercessory/1139.md,2,1,yes,Society and Industry,,,Intercessory Prayers
parish-intercessory/1140.md,3,1,yes,Society and Industry | A Diocesan Service Book,,,Intercessory Prayers
parish-intercessory/1141.md,2,1,yes,Society and Industry,,,Intercessory Prayers
parish-intercessory/1142.md,3,1,yes,Society and Industry | Book of Common Order,,,Intercessory Prayers
parish-intercessory/1143.md,2,1,yes,Society and Industry,,,Intercessory Prayers
parish-intercessory/1144.md,2,1,yes,Society and Industry,,,Intercessory Prayers
parish-intercessory/1145.md,2,1,yes,Society and Industry,,,Intercessory Prayers
parish-intercessory/1146.md,3,1,yes,Society and Industry | Irish Prayer Book,,,Intercessory Prayers
parish-intercessory/1147.md,3,1,yes,Society and Industry | William Temple,,,Intercessory Prayers
parish-intercessory/1148.md,3,1,yes,Society and Industry | William Temple,,,Intercessory Prayers
parish-intercessory/1149.md,3,1,yes,Society and Industry | Acts of Devotion,,,Intercessory Prayers
parish-intercessory/1150.md,3,1,yes,Society and Industry | Peter Green,,,Intercessory Prayers
parish-intercessory/1151.md,2,1,yes,Society and Industry,,,Intercessory Prayers
parish-intercessory/1152.md,2,1,yes,Society and Industry,,,Intercessory Prayers
parish-intercessory/1153.md,3,1,yes,Society and Industry | H. F. Leatherland,,,Intercessory Prayers
parish-intercessory/1154.md,2,1,yes,Society and Industry,,,Intercessory Prayers
parish-intercessory/1155.md,3,1,yes,Society and Industry | Country Services,,,Intercessory Prayers
parish-intercessory/1156.md,3,1,yes,Society and Industry | New Every Morning,,,Intercessory Prayers
parish-intercessory/1157.md,3,1,yes,Society and Industry | Harold Anson,,,Intercessory Prayers
parish-intercessory/1158.md,3,1,yes,Society and Industry | Canadian Prayer Book,,,Intercessory Prayers
parish-intercessory/1159.md,3,1,yes,Society and Industry | Canadian Prayer Book,,,Intercessory Prayers
parish-intercessory/1160.md,3,1,yes,Society and Industry | New Every Morning,,,Intercessory Prayers
parish-intercessory/1161.md,3,1,yes,Education and Youth | Henry Hayman,,,Intercessory Prayers
parish-intercessory/1162.md,3,1,yes,Education and Youth | B. F. Westcott,,,Intercessory Prayers
parish-intercessory/1163.md,3,1,yes,Education and Youth | F. D. Maurice,,,Intercessory Prayers
parish-intercessory/1164.md,3,1,yes,Education and Youth | Frank Colquhoun,,,Intercessory Prayers
parish-intercessory/1165.md,3,1,yes,Education and Youth | Frank Colquhoun,,,Intercessory Prayers
parish-intercessory/1166.md,2,1,yes,Education and Youth,,,Intercessory Prayers
parish-intercessory/1167.md,3,1,yes,Education and Youth | Arthur W. Robinson,,,Intercessory Prayers
parish-intercessory/1168.md,3,1,yes,Education and Youth | New Every Morning,,,Intercessory Prayers
parish-intercessory/1169.md,3,1,yes,Education and Youth | Frank Colquhoun,,,Intercessory Prayers
parish-intercessory/1170.md,3,1,yes,Education and Youth | Thomas à Kempis,,,Intercessory Prayers
parish-intercessory/1171.md,3,1,yes,Education and Youth | Student Christian Movement,,,Intercessory Prayers
parish-intercessory/1172.md,3,1,yes,Education and Youth | S. P. T. Prideaux,,,Intercessory Prayers
parish-intercessory/1173.md,3,1,yes,Education and Youth | Student Prayer,,,Intercessory Prayers
parish-intercessory/1174.md,3,1,yes,Education and Youth | Student Prayer,,,Intercessory Prayers
parish-intercessory/1175.md,3,1,yes,Education and Youth | Book of Common Order,,,Intercessory Prayers
parish-intercessory/1176.md,3,1,yes,Education and Youth | Toc H Prayers,,,Intercessory Prayers
parish-intercessory/1177.md,2,1,yes,Education and Youth,,,Intercessory Prayers
parish-intercessory/1178.md,2,1,yes,Education and Youth,,,Intercessory Prayers
parish-intercessory/1179.md,2,1,yes,Education and Youth,,,Intercessory Prayers
parish-intercessory/1180.md,3,1,yes,Education and Youth | Adapted from A Book of Guide Prayers,,,Intercessory Prayers
parish-intercessory/1181.md,2,1,yes,Education and Youth,,,Intercessory Prayers
parish-intercessory/1182.md,3,1,yes,Education and Youth | Frank Colquhoun,,,Intercessory Prayers
parish-intercessory/1183.md,2,1,yes,Health Services and Hospitals,,,Intercessory Prayers
parish-intercessory/1184.md,2,1,yes,Health Services and Hospitals,,,Intercessory Prayers
parish-intercessory/1185.md,2,1,yes,Health Services and Hospitals,,,Intercessory Prayers
parish-intercessory/1186.md,3,1,yes,Health Services and Hospitals | Adapted from a prayer at the London Hospital,,,Intercessory Prayers
parish-intercessory/1187.md,3,1,yes,Health Services and Hospitals | A Diocesan Service Book,,,Intercessory Prayers
parish-intercessory/1188.md,2,1,yes,Health Services and Hospitals,,,Intercessory Prayers
parish-intercessory/1189.md,3,1,yes,Health Services and Hospitals | Liturgy of St. Mark,,,Intercessory Prayers
parish-intercessory/1190.md,3,1,yes,Health Services and Hospitals | With all our Strength,,,Intercessory Prayers
parish-intercessory/1191.md,3,1,yes,Health Services and Hospitals | Frank Colquhoun,,,Intercessory Prayers
parish-intercessory/1192.md,2,1,yes,Health Services and Hospitals,,,Intercessory Prayers
parish-intercessory/1193.md,3,1,yes,Health Services and Hospitals | Sursum Corda,,,Intercessory Prayers
parish-intercessory/1194.md,2,1,yes,Health Services and Hospitals,,,Intercessory Prayers
parish-intercessory/1195.md,3,1,yes,Health Services and Hospitals | Frederick B. Macnutt,,,Intercessory Prayers
parish-intercessory/1196.md,3,1,yes,In Time of War | W. E. Orchard,,,Intercessory Prayers
parish-intercessory/1197.md,3,1,yes,"In Time of War | National Mission, 1916",,,Intercessory Prayers
parish-intercessory/1198.md,3,1,yes,"In Time of War | A Form of Prayer, August 1914",,,Intercessory Prayers
parish-intercessory/1199.md,3,1,yes,"In Time of War | A Form of Prayer, March 1941",,,Intercessory Prayers
parish-intercessory/1200.md,3,1,yes,"In Time of War | A Form of Prayer, May 1940",,,Intercessory Prayers
parish-intercessory/1201.md,2,1,yes,In Time of War,,,Intercessory Prayers
parish-intercessory/1202.md,3,1,yes,In Time of War | William Temple,,,Intercessory Prayers
parish-intercessory/1203.md,3,1,yes,"In Time of War | Leaflet of the Collegium, 1914",,,Intercessory Prayers
parish-intercessory/1204.md,3,1,yes,"In Time of War | A Form of Prayer, October 1939",,,Intercessory Prayers
parish-intercessory/1205.md,3,1,yes,In Time of War | J. Armitage Robinson,,,Intercessory Prayers
parish-intercessory/1206.md,2,1,yes,In Time of War,,,Intercessory Prayers
parish-intercessory/1207.md,3,1,yes,In Time of War | J. Taylor Smith,,,Intercessory Prayers
parish-intercessory/1208.md,3,1,yes,"In Time of War | A Form of Prayer, May 1940",,,Intercessory Prayers
parish-intercessory/1209.md,3,1,yes,In Time of War | Frederick B. Macnutt,,,Intercessory Prayers
parish-intercessory/1210.md,3,1,yes,"In Time of War | A Form of Prayer, August 1918",,,Intercessory Prayers
parish-intercessory/1211.md,2,1,yes,In Time of War,,,Intercessory Prayers
parish-intercessory/1212.md,3,1,yes,"In Time of War | Form of National Prayer, 1942",,,Intercessory Prayers
parish-intercessory/1213.md,3,1,yes,"In Time of War | Form of National Prayer, May 1940",,,Intercessory Prayers
parish-intercessory/1214.md,3,1,yes,Home and Friends | E. C. Ratcliff,,,Intercessory Prayers
parish-intercessory/1215.md,3,1,yes,Home and Friends | St. Paul’s Cathedral,,,Intercessory Prayers
parish-intercessory/1216.md,3,1,yes,Home and Friends | Salisbury Book of Occasional Offices,,,Intercessory Prayers
parish-intercessory/1217.md,3,1,yes,Home and Friends | New Every Morning,,,Intercessory Prayers
parish-intercessory/1218.md,2,1,yes,Home and Friends,,,Intercessory Prayers
parish-intercessory/1219.md,2,1,yes,Home and Friends,,,Intercessory Prayers
parish-intercessory/1220.md,2,1,yes,Home and Friends,,,Intercessory Prayers
parish-intercessory/1221.md,3,1,yes,Home and Friends | New Every Morning,,,Intercessory Prayers
parish-intercessory/1222.md,3,1,yes,Home and Friends | Mothers’ Union,,,Intercessory Prayers
parish-intercessory/1223.md,3,1,yes,Home and Friends | New Every Morning,,,Intercessory Prayers
parish-intercessory/1224.md,3,1,yes,Home and Friends | Priest’s Prayer Book,,,Intercessory Prayers
parish-intercessory/1225.md,2,1,yes,Home and Friends,,,Intercessory Prayers
parish-intercessory/1226.md,3,1,yes,Home and Friends | J. R. W. Stott,,,Intercessory Prayers
parish-intercessory/1227.md,3,1,yes,Home and Friends | John Hunter,,,Intercessory Prayers
parish-intercessory/1228.md,3,1,yes,Home and Friends | Gavin Hamilton,,,Intercessory Prayers
parish-intercessory/1229.md,3,1,yes,Home and Friends | Gregorian Sacramentary,,,Intercessory Prayers
parish-intercessory/1230.md,2,1,yes,Home and Friends,,,Intercessory Prayers
parish-intercessory/1231.md,3,1,yes,Home and Friends | Canadian Prayer Book,,,Intercessory Prayers
parish-intercessory/1232.md,3,1,yes,Home and Friends | Frank Colquhoun,,,Intercessory Prayers
parish-intercessory/1233.md,3,1,yes,Home and Friends | William Martin,,,Intercessory Prayers
parish-intercessory/1234.md,3,1,yes,Home and Friends | W. Boyd Carpenter,,,Intercessory Prayers
parish-intercessory/1235.md,3,1,yes,Home and Friends | American Prayer Book,,,Intercessory Prayers
parish-intercessory/1236.md,2,1,yes,Home and Friends,,,Intercessory Prayers
parish-intercessory/1237.md,2,1,yes,Home and Friends,,,Intercessory Prayers
parish-intercessory/1238.md,3,1,yes,Travel | Canadian Prayer Book,,,Intercessory Prayers
parish-intercessory/1239.md,3,1,yes,Travel | Adapted from Gelasian Sacramentary,,,Intercessory Prayers
parish-intercessory/1240.md,3,1,yes,Travel | Scottish Prayer Book,,,Intercessory Prayers
parish-intercessory/1241.md,3,1,yes,Travel | W. Charter Piggott,,,Intercessory Prayers
parish-intercessory/1242.md,3,1,yes,Travel | Douglas Crick,,,Intercessory Prayers
parish-intercessory/1243.md,2,1,yes,Travel,,,Intercessory Prayers
parish-intercessory/1244.md,3,1,yes,Travel | J. R. W. Stott,,,Intercessory Prayers
parish-intercessory/1245.md,2,1,yes,Travel,,,Intercessory Prayers
parish-intercessory/1246.md,2,1,yes,Travel,,,Intercessory Prayers
parish-intercessory/1247.md,3,1,yes,Travel | Peter Green,,,Intercessory Prayers
parish-intercessory/1248.md,2,1,yes,Travel,,,Intercessory Prayers
parish-intercessory/1249.md,2,1,yes,Travel,,,Intercessory Prayers
parish-intercessory/1250.md,2,1,yes,The Suffering,,,Intercessory Prayers
parish-intercessory/1251.md,3,1,yes,The Suffering | Eugene Bersier,,,Intercessory Prayers
parish-intercessory/1252.md,3,1,yes,The Suffering | William Knight,,,Intercessory Prayers
parish-intercessory/1253.md,3,1,yes,The Suffering | After St. Anselm,,,Intercessory Prayers
parish-intercessory/1254.md,2,1,yes,The Suffering,,,Intercessory Prayers
parish-intercessory/1255.md,2,1,yes,The Suffering,,,Intercessory Prayers
parish-intercessory/1256.md,3,1,yes,The Suffering | American Prayer Book,,,Intercessory Prayers
parish-intercessory/1257.md,2,1,yes,The Suffering,,,Intercessory Prayers
parish-intercessory/1258.md,3,1,yes,The Suffering | Sursum Corda,,,Intercessory Prayers
parish-intercessory/1259.md,3,1,yes,The Suffering | New Every Morning,,,Intercessory Prayers
parish-intercessory/1260.md,2,1,yes,The Suffering,,,Intercessory Prayers
parish-intercessory/1261.md,2,1,yes,The Suffering,,,Intercessory Prayers
parish-intercessory/1262.md,3,1,yes,The Suffering | After Gelasian Sacramentary,,,Intercessory Prayers
parish-intercessory/1263.md,2,1,yes,The Suffering,,,Intercessory Prayers
parish-intercessory/1264.md,3,1,yes,The Suffering | Adapted from Book of Common Prayer,,,Intercessory Prayers
parish-intercessory/1265.md,3,1,yes,The Suffering | Guild of Health,,,Intercessory Prayers
parish-intercessory/1266.md,3,1,yes,The Suffering | J. R. W. Stott,,,Intercessory Prayers
parish-intercessory/1267.md,2,1,yes,The Suffering,,,Intercessory Prayers
parish-intercessory/1268.md,2,1,yes,The Suffering,,,Intercessory Prayers
parish-intercessory/1269.md,2,1,yes,The Suffering,,,Intercessory Prayers
parish-intercessory/1270.md,2,1,yes,The Suffering,,,Intercessory Prayers
parish-intercessory/1271.md,3,1,yes,The Suffering | Robert N. Rodenmeyer,,,Intercessory Prayers
parish-intercessory/1272.md,3,1,yes,The Suffering | Adapted from George Appleton,,,Intercessory Prayers
parish-intercessory/1273.md,3,1,yes,The Suffering | Irish Prayer Book,,,Intercessory Prayers
parish-intercessory/1274.md,2,1,yes,The Suffering,,,Intercessory Prayers
parish-intercessory/1275.md,3,1,yes,The Suffering | A. S. T. Fisher,,,Intercessory Prayers
parish-intercessory/1276.md,2,1,yes,The Suffering,,,Intercessory Prayers
parish-intercessory/1277.md,3,1,yes,The Suffering | Mothers’ Union,,,Intercessory Prayers
parish-intercessory/1278.md,2,1,yes,The Suffering,,,Intercessory Prayers
parish-intercessory/1279.md,3,1,yes,The Suffering | American Prayer Book,,,Intercessory Prayers
parish-intercessory/1280.md,3,1,yes,The Suffering | Irish Prayer Book,,,Intercessory Prayers
parish-intercessory/1281.md,3,1,yes,The Suffering | George Appleton,,,Intercessory Prayers
parish-intercessory/1282.md,3,1,yes,The Suffering | Adapted from Sarum Primer,,,Intercessory Prayers
parish-intercessory/1283.md,3,1,yes,The Suffering | William Bright,,,Intercessory Prayers
parish-intercessory/1284.md,3,1,yes,The Suffering | George Appleton,,,Intercessory Prayers
parish-intercessory/1285.md,2,1,yes,The Suffering,,,Intercessory Prayers
parish-intercessory/1286.md,3,1,yes,The Suffering | George Appleton,,,Intercessory Prayers
parish-intercessory/1287.md,3,1,yes,The Suffering | New Every Morning,,,Intercessory Prayers
parish-intercessory/1288.md,2,1,yes,The Suffering,,,Intercessory Prayers
parish-intercessory/1289.md,3,1,yes,The Suffering | New Every Morning,,,Intercessory Prayers
parish-intercessory/1290.md,2,1,yes,The Suffering,,,Intercessory Prayers
parish-intercessory/1291.md,3,1,yes,The Suffering | When Two or Three,,,Intercessory Prayers
parish-intercessory/1292.md,2,1,yes,The Suffering,,,Intercessory Prayers
parish-intercessory/1293.md,2,1,yes,The Suffering,,,Intercessory Prayers
parish-intercessory/1294.md,3,2,yes,Office of Sext,Those in Spiritual Need -> Those in Need,,Intercessory Prayers | Those in Need
parish-intercessory/1295.md,2,2,yes,,Those in Spiritual Need -> Those in Need,,Intercessory Prayers | Those in Need
parish-intercessory/1296.md,3,2,yes,William Bright,Those in Spiritual Need -> Those in Need,,Intercessory Prayers | Those in Need
parish-intercessory/1297.md,3,2,yes,Lutheran Church,Those in Spiritual Need -> Those in Need,,Intercessory Prayers | Those in Need
parish-intercessory/1298.md,3,2,yes,William Bright,Those in Spiritual Need -> Those in Need,,Intercessory Prayers | Those in Need
parish-intercessory/1299.md,3,2,yes,Adapted from Jeremy Taylor,Those in Spiritual Need -> Those in Need,,Intercessory Prayers | Those in Need
parish-intercessory/1300.md,3,2,yes,William Temple,Those in Spiritual Need -> Those in Need,,Intercessory Prayers | Those in Need
parish-intercessory/1301.md,2,2,yes,,Those in Spiritual Need -> Those in Need,,Intercessory Prayers | Those in Need
parish-intercessory/1302.md,3,2,yes,R. M. Benson,Those in Spiritual Need -> Those in Need,,Intercessory Prayers | Those in Need
parish-intercessory/1303.md,3,2,yes,South African Prayer Book,Those in Spiritual Need -> Those in Need,,Intercessory Prayers | Those in Need
parish-intercessory/1304.md,2,2,yes,,Those in Spiritual Need -> Those in Need,,Intercessory Prayers | Those in Need
parish-intercessory/1305.md,3,2,yes,Adapted from Didache,The Church of God -> The Church,,Intercessory Prayers | The Church
parish-intercessory/1306.md,3,2,yes,An adaptation of the Gelasian prayer,The Church of God -> The Church,,Intercessory Prayers | The Church
parish-intercessory/1307.md,3,2,yes,Gelasian Sacramentary,The Church of God -> The Church,,Intercessory Prayers | The Church
parish-intercessory/1308.md,3,2,yes,Gelasian Sacramentary,The Church of God -> The Church,,Intercessory Prayers | The Church
parish-intercessory/1309.md,3,2,yes,Franciscan Breviary,The Church of God -> The Church,,Intercessory Prayers | The Church
parish-intercessory/1310.md,2,2,yes,,The Church of God -> The Church,,Intercessory Prayers | The Church
parish-intercessory/1311.md,3,2,yes,From a prayer of the Eastern Church,The Church of God -> The Church,,Intercessory Prayers | The Church
parish-intercessory/1312.md,3,2,yes,William Laud,The Church of God -> The Church,,Intercessory Prayers | The Church
parish-intercessory/1313.md,3,2,yes,Jeremy Taylor,The Church of God -> The Church,,Intercessory Prayers | The Church
parish-intercessory/1314.md,3,2,yes,Jeremy Taylor,The Church of God -> The Church,,Intercessory Prayers | The Church
parish-intercessory/1315.md,2,2,yes,,The Church of God -> The Church,,Intercessory Prayers | The Church
parish-intercessory/1316.md,3,2,yes,Percy Dearmer,The Church of God -> The Church,,Intercessory Prayers | The Church
parish-intercessory/1317.md,3,2,yes,Frank Colquhoun,The Church of God -> The Church,,Intercessory Prayers | The Church
parish-intercessory/1318.md,3,2,yes,New Every Morning,The Church of God -> The Church,,Intercessory Prayers | The Church
parish-intercessory/1319.md,3,2,yes,G. C. Binyon,The Church of God -> The Church,,Intercessory Prayers | The Church
parish-intercessory/1320.md,2,2,yes,,The Church of God -> The Church,,Intercessory Prayers | The Church
parish-intercessory/1321.md,2,2,yes,,The Church of God -> The Church,,Intercessory Prayers | The Church
parish-intercessory/1322.md,2,2,yes,,The Church of God -> The Church,,Intercessory Prayers | The Church
parish-intercessory/1323.md,3,2,yes,Percy Dearmer,The Church of God -> The Church,,Intercessory Prayers | The Church
parish-intercessory/1324.md,3,2,yes,J. R. W. Stott,The Church of God -> The Church,,Intercessory Prayers | The Church
parish-intercessory/1325.md,3,2,yes,Community of the Resurrection,The Church of God -> The Church,,Intercessory Prayers | The Church
parish-intercessory/1326.md,3,2,yes,Frank Colquhoun,The Church of God -> The Church,,Intercessory Prayers | The Church
parish-intercessory/1327.md,2,2,yes,,The Church of God -> The Church,,Intercessory Prayers | The Church
parish-intercessory/1328.md,3,2,yes,Handley C. G. Moule,The Church of God -> The Church,,Intercessory Prayers | The Church
parish-intercessory/1329.md,3,2,yes,William Temple,The Church of God -> The Church,,Intercessory Prayers | The Church
parish-intercessory/1330.md,3,2,yes,"Lambeth Conference, 1958",The Church of God -> The Church,,Intercessory Prayers | The Church
parish-intercessory/1331.md,3,2,yes,Adapted from Book of Common Prayer,The Church of God -> The Church,,Intercessory Prayers | The Church
parish-intercessory/1332.md,2,2,yes,,The Church of God -> The Church,,Intercessory Prayers | The Church
parish-intercessory/1333.md,3,2,yes,Liturgy of St. Dionysius,The Church of God -> The Church,,Intercessory Prayers | The Church
parish-intercessory/1334.md,2,2,yes,,The Church of God -> The Church,,Intercessory Prayers | The Church
parish-intercessory/1335.md,2,2,yes,,The Church of God -> The Church,,Intercessory Prayers | The Church
parish-intercessory/1336.md,2,2,yes,,The Church of God -> The Church,,Intercessory Prayers | The Church
parish-intercessory/1337.md,3,2,yes,After Prayers of 1585,The Church of God -> The Church,,Intercessory Prayers | The Church
parish-intercessory/1338.md,2,2,yes,,The Church of God -> The Church,,Intercessory Prayers | The Church
parish-intercessory/1339.md,2,2,yes,,The Church of God -> The Church,,Intercessory Prayers | The Church
parish-intercessory/1340.md,2,2,yes,,The Church of God -> The Church,,Intercessory Prayers | The Church
parish-intercessory/1341.md,3,2,yes,Based on Ephesians 4:11–13,The Church of God -> The Church,,Intercessory Prayers | The Church
parish-intercessory/1342.md,3,2,yes,A Book of Prayers for Students,The Church of God -> The Church,,Intercessory Prayers | The Church
parish-intercessory/1343.md,3,2,yes,George Appleton,The Church Overseas -> The Church,,Intercessory Prayers | The Church
parish-intercessory/1344.md,3,2,yes,George Appleton,The Church Overseas -> The Church,,Intercessory Prayers | The Church
parish-intercessory/1345.md,3,2,yes,C. C. B. Bardsley,The Church Overseas -> The Church,,Intercessory Prayers | The Church
parish-intercessory/1346.md,2,2,yes,,The Church Overseas -> The Church,,Intercessory Prayers | The Church
parish-intercessory/1347.md,2,2,yes,,The Church Overseas -> The Church,,Intercessory Prayers | The Church
parish-intercessory/1348.md,2,2,yes,,The Church Overseas -> The Church,,Intercessory Prayers | The Church
parish-intercessory/1349.md,3,2,yes,George Appleton,The Church Overseas -> The Church,,Intercessory Prayers | The Church
parish-intercessory/1350.md,2,2,yes,,The Church Overseas -> The Church,,Intercessory Prayers | The Church
parish-intercessory/1351.md,2,2,yes,,The Church Overseas -> The Church,,Intercessory Prayers | The Church
parish-intercessory/1352.md,3,2,yes,Book of Common Order,The Church Overseas -> The Church,,Intercessory Prayers | The Church
parish-intercessory/1353.md,3,2,yes,W. Waltham How,The Church Overseas -> The Church,,Intercessory Prayers | The Church
parish-intercessory/1354.md,2,2,yes,,The Church Overseas -> The Church,,Intercessory Prayers | The Church
parish-intercessory/1355.md,2,2,yes,,The Church Overseas -> The Church,,Intercessory Prayers | The Church
parish-intercessory/1356.md,2,2,yes,,The Church Overseas -> The Church,,Intercessory Prayers | The Church
parish-intercessory/1357.md,3,2,yes,Frank Colquhoun,The Church Overseas -> The Church,,Intercessory Prayers | The Church
parish-intercessory/1358.md,2,2,yes,,The Church Overseas -> The Church,,Intercessory Prayers | The Church
parish-intercessory/1359.md,3,2,yes,Canadian Prayer Book,The Church Overseas -> The Church,,Intercessory Prayers | The Church
parish-intercessory/1360.md,2,2,yes,,The Church Overseas -> The Church,,Intercessory Prayers | The Church
parish-intercessory/1361.md,2,2,yes,,The Church Overseas -> The Church,,Intercessory Prayers | The Church
parish-intercessory/1362.md,3,2,yes,Praying for the Church Overseas,The Church Overseas -> The Church,,Intercessory Prayers | The Church
parish-intercessory/1363.md,3,2,yes,Frank Colquhoun,The Church Overseas -> The Church,,Intercessory Prayers | The Church
parish-intercessory/1364.md,2,2,yes,,The Church Overseas -> The Church,,Intercessory Prayers | The Church
parish-intercessory/1365.md,3,2,yes,Diocese of Uganda,The Church Overseas -> The Church,,Intercessory Prayers | The Church
parish-intercessory/1366.md,2,2,yes,,The Church Overseas -> The Church,,Intercessory Prayers | The Church
parish-intercessory/1367.md,2,2,yes,,The Church Overseas -> The Church,,Intercessory Prayers | The Church
parish-intercessory/1368.md,3,2,yes,Canadian Prayer Book,The Church Overseas -> The Church,,Intercessory Prayers | The Church
parish-intercessory/1369.md,3,2,yes,Church’s Ministry among the Jews,The Church Overseas -> The Church,,Intercessory Prayers | The Church
parish-intercessory/1370.md,2,2,yes,,The Church Overseas -> The Church,,Intercessory Prayers | The Church
parish-intercessory/1371.md,2,2,yes,,The Church Overseas -> The Church,,Intercessory Prayers | The Church
parish-intercessory/1372.md,3,2,yes,Adapted from a prayer of S.P.C.K.,The Church Overseas -> The Church,,Intercessory Prayers | The Church
parish-intercessory/1373.md,2,2,yes,,The Church Overseas -> The Church,,Intercessory Prayers | The Church
parish-intercessory/1374.md,3,2,yes,J. R. W. Stott,The Church Overseas -> The Church,,Intercessory Prayers | The Church
parish-intercessory/1375.md,3,2,yes,United Society for Christian Literature,The Church Overseas -> The Church,,Intercessory Prayers | The Church
parish-intercessory/1376.md,2,2,yes,,The Church Overseas -> The Church,,Intercessory Prayers | The Church
parish-intercessory/1377.md,3,2,yes,James M. Todd,The Church Overseas -> The Church,,Intercessory Prayers | The Church
parish-intercessory/1378.md,2,2,yes,,The Church Overseas -> The Church,,Intercessory Prayers | The Church
parish-intercessory/1379.md,2,2,yes,,The Church Overseas -> The Church,,Intercessory Prayers | The Church
parish-intercessory/1380.md,3,2,yes,A Book of Prayers for Students,The Church Overseas -> The Church,,Intercessory Prayers | The Church
parish-intercessory/1381.md,3,2,yes,Francis J. Moore,The Church Overseas -> The Church,,Intercessory Prayers | The Church
parish-intercessory/1382.md,3,2,yes,Irish Prayer Book,The Church at Home -> The Church,,Intercessory Prayers | The Church
parish-intercessory/1383.md,2,2,yes,,The Church at Home -> The Church,,Intercessory Prayers | The Church
parish-intercessory/1384.md,2,2,yes,,The Church at Home -> The Church,,Intercessory Prayers | The Church
parish-intercessory/1385.md,3,2,yes,W. Bellars,The Church at Home -> The Church,,Intercessory Prayers | The Church
parish-intercessory/1386.md,3,2,yes,C. J. Vaughan,The Church at Home -> The Church,,Intercessory Prayers | The Church
parish-intercessory/1387.md,2,2,yes,,The Church at Home -> The Church,,Intercessory Prayers | The Church
parish-intercessory/1388.md,3,2,yes,J. R. W. Stott,The Church at Home -> The Church,,Intercessory Prayers | The Church
parish-intercessory/1389.md,3,2,yes,From an ancient prayer,The Church at Home -> The Church,,Intercessory Prayers | The Church
parish-intercessory/1390.md,3,2,yes,Southwark Diocese,The Church at Home -> The Church,,Intercessory Prayers | The Church
parish-intercessory/1391.md,3,2,yes,Adapted from a prayer of A. E. Daldy,The Church at Home -> The Church,,Intercessory Prayers | The Church
parish-intercessory/1392.md,3,2,yes,C. M. Blagden,The Church at Home -> The Church,,Intercessory Prayers | The Church
parish-intercessory/1393.md,3,2,yes,After A. J. Mason,The Church at Home -> The Church,,Intercessory Prayers | The Church
parish-intercessory/1394.md,3,2,yes,Adapted from Book of Common Prayer,The Church at Home -> The Church,,Intercessory Prayers | The Church
parish-intercessory/1395.md,2,2,yes,,The Church at Home -> The Church,,Intercessory Prayers | The Church
parish-intercessory/1396.md,2,2,yes,,The Church at Home -> The Church,,Intercessory Prayers | The Church
parish-intercessory/1397.md,3,2,yes,Peter Green,The Church at Home -> The Church,,Intercessory Prayers | The Church
parish-intercessory/1398.md,3,2,yes,"Lambeth Conference, 1930",The Church at Home -> The Church,,Intercessory Prayers | The Church
parish-intercessory/1399.md,2,2,yes,,The Church at Home -> The Church,,Intercessory Prayers | The Church
parish-intercessory/1400.md,3,2,yes,"Based on a prayer of the Pan-Anglican Congress, 1908",The Church at Home -> The Church,,Intercessory Prayers | The Church
parish-intercessory/1401.md,2,2,yes,,The Church at Home -> The Church,,Intercessory Prayers | The Church
parish-intercessory/1402.md,3,2,yes,South African Prayer Book,The Church at Home -> The Church,,Intercessory Prayers | The Church
parish-intercessory/1403.md,2,2,yes,,The Church at Home -> The Church,,Intercessory Prayers | The Church
parish-intercessory/1404.md,3,1,yes,Evangelism | Adapted from Irish Prayer Book,,,Intercessory Prayers
parish-intercessory/1405.md,3,1,yes,Evangelism | R. M. Benson,,,Intercessory Prayers
parish-intercessory/1406.md,3,1,yes,Evangelism | Peter Green,,,Intercessory Prayers
parish-intercessory/1407.md,3,1,yes,"Evangelism | National Mission, 1916",,,Intercessory Prayers
parish-intercessory/1408.md,2,1,yes,Evangelism,,,Intercessory Prayers
parish-intercessory/1409.md,2,1,yes,Evangelism,,,Intercessory Prayers
parish-intercessory/1410.md,3,1,yes,Evangelism | Church Army,,,Intercessory Prayers
parish-intercessory/1411.md,3,1,yes,Evangelism | Adapted from Irish Prayer Book,,,Intercessory Prayers
parish-intercessory/1412.md,3,1,yes,Evangelism | Frank Colquhoun,,,Intercessory Prayers
parish-intercessory/1413.md,2,1,yes,Evangelism,,,Intercessory Prayers
parish-intercessory/1414.md,3,1,yes,Evangelism | Frank Colquhoun,,,Intercessory Prayers
parish-intercessory/1415.md,2,1,yes,Evangelism,,,Intercessory Prayers
parish-intercessory/1416.md,3,1,yes,Evangelism | Frank Colquhoun,,,Intercessory Prayers
parish-intercessory/1417.md,3,1,yes,Evangelism | Frank Colquhoun,,,Intercessory Prayers
parish-intercessory/1418.md,3,1,yes,Evangelism | Frederick B. Macnutt,,,Intercessory Prayers
parish-intercessory/1419.md,3,1,yes,Evangelism | Frederick B. Macnutt,,,Intercessory Prayers
parish-intercessory/1420.md,3,1,yes,Evangelism | Charles H. Brent,,,Intercessory Prayers
parish-intercessory/1421.md,2,1,yes,Evangelism,,,Intercessory Prayers
parish-intercessory/1422.md,3,1,yes,The Parish | W. J. Butler,,,Intercessory Prayers
parish-intercessory/1423.md,3,1,yes,The Parish | Canadian Prayer Book,,,Intercessory Prayers
parish-intercessory/1424.md,3,1,yes,Evangelism | A Book of Public Worship,,,Intercessory Prayers
parish-intercessory/1425.md,3,1,yes,The Parish | J. R. W. Stott,,,Intercessory Prayers
parish-intercessory/1426.md,3,1,yes,The Parish | Frank Colquhoun,,,Intercessory Prayers
parish-intercessory/1427.md,2,1,yes,The Parish,,,Intercessory Prayers
parish-intercessory/1428.md,3,1,yes,The Parish | A Diocesan Service Book,,,Intercessory Prayers
parish-intercessory/1429.md,2,1,yes,The Parish,,,Intercessory Prayers
parish-intercessory/1430.md,2,1,yes,The Parish,,,Intercessory Prayers
parish-intercessory/1431.md,2,1,yes,The Parish,,,Intercessory Prayers
parish-intercessory/1432.md,3,1,yes,The Parish | Canadian Prayer Book,,,Intercessory Prayers
parish-intercessory/1433.md,2,1,yes,The Parish,,,Intercessory Prayers
parish-intercessory/1434.md,2,1,yes,The Parish,,,Intercessory Prayers
parish-intercessory/1435.md,3,1,yes,The Parish | William Bright,,,Intercessory Prayers
parish-intercessory/1436.md,3,1,yes,"The Parish | The Kingdom, the Power, and the Glory",,,Intercessory Prayers
parish-intercessory/1437.md,2,1,yes,The Parish,,,Intercessory Prayers
parish-intercessory/1438.md,2,1,yes,The Parish,,,Intercessory Prayers
parish-intercessory/1439.md,3,1,yes,The Parish | J. R. W. Stott,,,Intercessory Prayers
parish-intercessory/1440.md,3,1,yes,The Parish | Peter Green,,,Intercessory Prayers
parish-intercessory/1441.md,2,1,yes,Various,,,Intercessory Prayers
parish-intercessory/1442.md,3,1,yes,Various | Irish Prayer Book,,,Intercessory Prayers
parish-intercessory/1443.md,3,1,yes,Various | Lancelot Andrewes,,,Intercessory Prayers
parish-intercessory/1444.md,3,1,yes,Various | American Prayer Book,,,Intercessory Prayers
parish-intercessory/1445.md,3,1,yes,Various | H. F. Leatherland,,,Intercessory Prayers
parish-intercessory/1446.md,2,1,yes,Various,,,Intercessory Prayers
parish-intercessory/1447.md,2,1,yes,Various,,,Intercessory Prayers
parish-intercessory/1448.md,2,1,yes,Various,,,Intercessory Prayers
parish-intercessory/1449.md,2,1,yes,Various,,,Intercessory Prayers
parish-intercessory/1450.md,3,1,yes,Various | Frank Colquhoun,,,Intercessory Prayers
parish-intercessory/1451.md,3,1,yes,Various | Irish Prayer Book,,,Intercessory Prayers
parish-occasions/642.md,3,1,yes,Watch-Night Service | Prayers for the Christian Year,,,Various Occasions
parish-occasions/643.md,3,1,yes,"Watch-Night Service | The Kingdom, the Power, and the Glory",,,Various Occasions
parish-occasions/644.md,3,1,yes,Watch-Night Service | James M. Todd,,,Various Occasions
parish-occasions/645.md,2,1,yes,Watch-Night Service,,,Various Occasions
parish-occasions/646.md,2,1,yes,Watch-Night Service,,,Various Occasions
parish-occasions/647.md,3,1,yes,Watch-Night Service | William Temple,,,Various Occasions
parish-occasions/648.md,3,1,yes,Watch-Night Service | Prayers for the Christian Year,,,Various Occasions
parish-occasions/649.md,3,1,yes,Watch-Night Service | Frank Colquhoun,,,Various Occasions
parish-occasions/650.md,2,1,yes,Watch-Night Service,,,Various Occasions
parish-occasions/651.md,2,1,yes,Watch-Night Service,,,Various Occasions
parish-occasions/652.md,2,1,yes,Watch-Night Service,,,Various Occasions
parish-occasions/653.md,2,1,yes,Watch-Night Service,,,Various Occasions
parish-occasions/654.md,3,1,yes,Watch-Night Service | Charles H. Brent,,,Various Occasions
parish-occasions/655.md,3,1,yes,Watch-Night Service | William Temple,,,Various Occasions
parish-occasions/656.md,3,1,yes,Week of Prayer for Christian Unity | Faith and Order Conference Manual,,,Various Occasions
parish-occasions/657.md,3,1,yes,Week of Prayer for Christian Unity | George Appleton,,,Various Occasions
parish-occasions/658.md,3,1,yes,Week of Prayer for Christian Unity | A Procession of Passion Prayers,,,Various Occasions
parish-occasions/659.md,3,1,yes,Week of Prayer for Christian Unity | Liturgy of the Reformed Church of France,,,Various Occasions
parish-occasions/660.md,2,1,yes,Week of Prayer for Christian Unity,,,Various Occasions
parish-occasions/661.md,2,1,yes,Week of Prayer for Christian Unity,,,Various Occasions
parish-occasions/662.md,2,1,yes,Week of Prayer for Christian Unity,,,Various Occasions
parish-occasions/663.md,3,1,yes,Week of Prayer for Christian Unity | Praying for Unity,,,Various Occasions
parish-occasions/664.md,3,1,yes,Week of Prayer for Christian Unity | New Every Morning,,,Various Occasions
parish-occasions/665.md,2,1,yes,Week of Prayer for Christian Unity,,,Various Occasions
parish-occasions/666.md,2,1,yes,Week of Prayer for Christian Unity,,,Various Occasions
parish-occasions/667.md,2,1,yes,Week of Prayer for Christian Unity,,,Various Occasions
parish-occasions/668.md,2,1,yes,Mothering Sunday Service,,,Various Occasions
parish-occasions/669.md,2,1,yes,Mothering Sunday Service,,,Various Occasions
parish-occasions/670.md,2,1,yes,Mothering Sunday Service,,,Various Occasions
parish-occasions/671.md,3,1,yes,Mothering Sunday Service | J. R. W. Stott,,,Various Occasions
parish-occasions/672.md,2,1,yes,Mothering Sunday Service,,,Various Occasions
parish-occasions/673.md,3,1,yes,Mothering Sunday Service | Church of South India,,,Various Occasions
parish-occasions/674.md,3,1,yes,Mothering Sunday Service | The Daily Service,,,Various Occasions
parish-occasions/675.md,2,1,yes,Mothering Sunday Service,,,Various Occasions
parish-occasions/676.md,3,1,yes,Mothering Sunday Service | From the Order of Compline,,,Various Occasions
parish-occasions/677.md,2,1,yes,Mothering Sunday Service,,,Various Occasions
parish-occasions/678.md,2,1,yes,Mothering Sunday Service,,,Various Occasions
parish-occasions/679.md,2,1,yes,Mothering Sunday Service,,,Various Occasions
parish-occasions/680.md,3,1,yes,Mothering Sunday Service | Frank Colquhoun,,,Various Occasions
parish-occasions/681.md,2,1,yes,Mothering Sunday Service,,,Various Occasions
parish-occasions/682.md,3,1,yes,"Harvest Thanksgiving | Canterbury Convocation, 1862",,,Various Occasions
parish-occasions/683.md,3,1,yes,"Harvest Thanksgiving | Canterbury Convocation, 1862",,,Various Occasions
parish-occasions/684.md,3,1,yes,"Harvest Thanksgiving | Canterbury Convocation, 1862",,,Various Occasions
parish-occasions/685.md,3,1,yes,Harvest Thanksgiving | John Dowden,,,Various Occasions
parish-occasions/686.md,3,1,yes,Harvest Thanksgiving | Canadian Prayer Book,,,Various Occasions
parish-occasions/687.md,2,1,yes,Harvest Thanksgiving,,,Various Occasions
parish-occasions/688.md,3,1,yes,Harvest Thanksgiving | Prayers for the Christian Year,,,Various Occasions
parish-occasions/689.md,2,1,yes,Harvest Thanksgiving,,,Various Occasions
parish-occasions/690.md,3,1,yes,"Harvest Thanksgiving | Canterbury Convocation, 1862",,,Various Occasions
parish-occasions/691.md,3,1,yes,Harvest Thanksgiving | With all our Strength,,,Various Occasions
parish-occasions/692.md,3,1,yes,"Harvest Thanksgiving | Canterbury Convocation, 1862",,,Various Occasions
parish-occasions/693.md,2,1,yes,Harvest Thanksgiving,,,Various Occasions
parish-occasions/694.md,3,1,yes,"Harvest Thanksgiving | Psalms 104:24; 145:15, 16, 21",,,Various Occasions
parish-occasions/695.md,3,1,yes,"Harvest Thanksgiving | The Kingdom, the Power, and the Glory",,,Various Occasions
parish-occasions/696.md,2,1,yes,Harvest Thanksgiving,,,Various Occasions
parish-occasions/697.md,3,1,yes,"Harvest Thanksgiving | Canterbury Convocation, 1862",,,Various Occasions
parish-occasions/698.md,3,1,yes,Harvest Thanksgiving | With all our Strength,,,Various Occasions
parish-occasions/699.md,3,1,yes,Harvest Thanksgiving | J. H. Oldham,,,Various Occasions
parish-occasions/700.md,2,1,yes,Harvest Thanksgiving,,,Various Occasions
parish-occasions/701.md,3,1,yes,Harvest Thanksgiving | Canadian Prayer Book,,,Various Occasions
parish-occasions/702.md,2,1,yes,Education Sunday,,,Various Occasions
parish-occasions/703.md,3,1,yes,Education Sunday | Frank Colquhoun,,,Various Occasions
parish-occasions/704.md,3,1,yes,"Education Sunday | Prayers for Education Sunday, 1956",,,Various Occasions
parish-occasions/705.md,3,1,yes,"Education Sunday | Prayers for Education Sunday, 1957",,,Various Occasions
parish-occasions/706.md,2,1,yes,Education Sunday,,,Various Occasions
parish-occasions/707.md,3,1,yes,Education Sunday | American Prayer Book,,,Various Occasions
parish-occasions/708.md,3,1,yes,Education Sunday | Prayers of the World-Wide Church,,,Various Occasions
parish-occasions/709.md,3,1,yes,"Education Sunday | King’s College, Cambridge",,,Various Occasions
parish-occasions/710.md,2,1,yes,Education Sunday,,,Various Occasions
parish-occasions/711.md,3,1,yes,Education Sunday | Salisbury Book of Occasional Offices,,,Various Occasions
parish-occasions/712.md,2,1,yes,Education Sunday,,,Various Occasions
parish-occasions/713.md,2,1,yes,Education Sunday,,,Various Occasions
parish-occasions/714.md,2,1,yes,Education Sunday,,,Various Occasions
parish-occasions/715.md,2,1,yes,Education Sunday,,,Various Occasions
parish-occasions/716.md,3,1,yes,"Education Sunday | Prayers for Education Sunday, 1956",,,Various Occasions
parish-occasions/717.md,2,1,yes,Education Sunday,,,Various Occasions
parish-occasions/718.md,2,1,yes,Education Sunday,,,Various Occasions
parish-occasions/719.md,3,1,yes,Education Sunday | Inter-Varsity Fellowship,,,Various Occasions
parish-occasions/720.md,2,1,yes,Education Sunday,,,Various Occasions
parish-occasions/721.md,2,1,yes,Remembrance Sunday,,,Various Occasions
parish-occasions/722.md,3,1,yes,Remembrance Sunday | Adapted from Book of Common Prayer,,,Various Occasions
parish-occasions/723.md,2,1,yes,Remembrance Sunday,,,Various Occasions
parish-occasions/724.md,2,1,yes,Remembrance Sunday,,,Various Occasions
parish-occasions/725.md,3,1,yes,"Remembrance Sunday | A Form of Prayer, August 1914",,,Various Occasions
parish-occasions/726.md,2,1,yes,Remembrance Sunday,,,Various Occasions
parish-occasions/727.md,3,1,yes,Remembrance Sunday | Suzanne de Dietrich,,,Various Occasions
parish-occasions/728.md,2,1,yes,Remembrance Sunday,,,Various Occasions
parish-occasions/729.md,3,1,yes,Remembrance Sunday | New Every Morning,,,Various Occasions
parish-occasions/730.md,2,1,yes,Remembrance Sunday,,,Various Occasions
parish-occasions/731.md,2,1,yes,Remembrance Sunday,,,Various Occasions
parish-occasions/732.md,3,1,yes,Remembrance Sunday | After St. Francis of Assisi,,,Various Occasions
parish-occasions/733.md,3,1,yes,Remembrance Sunday | Leslie D. Weatherhead,,,Various Occasions
parish-occasions/734.md,3,1,yes,Remembrance Sunday | Frank Edward Brightman,,,Various Occasions
parish-occasions/735.md,3,1,yes,Remembrance Sunday | Laurence Binyon,,,Various Occasions
parish-occasions/736.md,2,1,yes,Remembrance Sunday,,,Various Occasions
parish-occasions/737.md,2,1,yes,Remembrance Sunday,,,Various Occasions
parish-occasions/738.md,3,1,yes,Remembrance Sunday | Based on a 16th century prayer,,,Various Occasions
parish-occasions/739.md,3,1,yes,Dedication Festival | American Prayer Book,,,Various Occasions
parish-occasions/740.md,3,1,yes,Dedication Festival | The Unfolding Year,,,Various Occasions
parish-occasions/741.md,2,1,yes,Dedication Festival,,,Various Occasions
parish-occasions/742.md,3,1,yes,Dedication Festival | Guildford Diocese,,,Various Occasions
parish-occasions/743.md,2,1,yes,Dedication Festival,,,Various Occasions
parish-occasions/744.md,3,1,yes,Dedication Festival | Winchester Cathedral,,,Various Occasions
parish-occasions/745.md,2,1,yes,Dedication Festival,,,Various Occasions
parish-occasions/746.md,3,1,yes,Dedication Festival | Adapted from various sources,,,Various Occasions
parish-occasions/747.md,2,1,yes,Dedication Festival,,,Various Occasions
parish-occasions/748.md,3,1,yes,"Dedication Festival | St. Aldate’s Church, Oxford",,,Various Occasions
parish-occasions/749.md,2,1,yes,Dedication Festival,,,Various Occasions
parish-occasions/750.md,3,1,yes,Dedication Festival | Frank Colquhoun,,,Various Occasions
parish-occasions/751.md,2,1,yes,Dedication Festival,,,Various Occasions
parish-occasions/752.md,3,1,yes,Dedication Festival | Daily Prayer,,,Various Occasions
parish-occasions/753.md,3,1,yes,Missionary Festival | Irish Prayer Book,,,Various Occasions
parish-occasions/754.md,3,1,yes,Missionary Festival | After the Third Collect,,,Various Occasions
parish-occasions/755.md,2,1,yes,Missionary Festival,,,Various Occasions
parish-occasions/756.md,3,1,yes,Missionary Festival | Fifth century,,,Various Occasions
parish-occasions/757.md,3,1,yes,Missionary Festival | George Appleton,,,Various Occasions
parish-occasions/758.md,3,1,yes,Missionary Festival | Prayers of the World-Wide Church,,,Various Occasions
parish-occasions/759.md,3,1,yes,Missionary Festival | Pakenham Walsh,,,Various Occasions
parish-occasions/760.md,2,1,yes,Missionary Festival,,,Various Occasions
parish-occasions/761.md,2,1,yes,Missionary Festival,,,Various Occasions
parish-occasions/762.md,3,1,yes,Missionary Festival | W. E. Orchard,,,Various Occasions
parish-occasions/763.md,3,1,yes,Missionary Festival | The C.M.S. Prayer adapted,,,Various Occasions
parish-occasions/764.md,2,1,yes,Missionary Festival,,,Various Occasions
parish-occasions/765.md,2,1,yes,Missionary Festival,,,Various Occasions
parish-occasions/766.md,3,1,yes,Sunday School Festival | John Cosin,,,Various Occasions
parish-occasions/767.md,3,1,yes,Sunday School Festival | Canadian Prayer Book,,,Various Occasions
parish-occasions/768.md,3,1,yes,Sunday School Festival | Canadian Prayer Book,,,Various Occasions
parish-occasions/769.md,3,1,yes,Sunday School Festival | Book of Common Order,,,Various Occasions
parish-occasions/770.md,3,1,yes,Sunday School Festival | Canadian Prayer Book,,,Various Occasions
parish-occasions/771.md,3,1,yes,Sunday School Festival | William Bellars,,,Various Occasions
parish-occasions/772.md,3,1,yes,Sunday School Festival | J. R. W. Stott,,,Various Occasions
parish-occasions/773.md,2,1,yes,Sunday School Festival,,,Various Occasions
parish-occasions/774.md,2,1,yes,Sunday School Festival,,,Various Occasions
parish-occasions/775.md,2,1,yes,Sunday School Festival,,,Various Occasions
parish-occasions/776.md,2,1,yes,Sunday School Festival,,,Various Occasions
parish-occasions/777.md,3,1,yes,Sunday School Festival | Fielding Ould,,,Various Occasions
parish-occasions/778.md,2,1,yes,Sunday School Festival,,,Various Occasions
parish-occasions/779.md,3,1,yes,Sunday School Festival | Salisbury Book of Occasional Offices,,,Various Occasions
parish-occasions/780.md,3,1,yes,Sunday School Festival | S. Gladstone,,,Various Occasions
parish-occasions/781.md,2,1,yes,Sunday School Festival,,,Various Occasions
parish-occasions/782.md,2,1,yes,Youth Festival,,,Various Occasions
parish-occasions/783.md,3,1,yes,Youth Festival | J. Taylor Smith,,,Various Occasions
parish-occasions/784.md,3,1,yes,"Youth Festival | The Kingdom, the Power, and the Glory",,,Various Occasions
parish-occasions/785.md,3,1,yes,Youth Festival | Thomas Ken,,,Various Occasions
parish-occasions/786.md,3,1,yes,Youth Festival | Frank Colquhoun,,,Various Occasions
parish-occasions/787.md,2,1,yes,Youth Festival,,,Various Occasions
parish-occasions/788.md,2,1,yes,Youth Festival,,,Various Occasions
parish-occasions/789.md,3,1,yes,Youth Festival | W. Hay Aitken,,,Various Occasions
parish-occasions/790.md,3,1,yes,Youth Festival | William Knight,,,Various Occasions
parish-occasions/791.md,2,1,yes,Youth Festival,,,Various Occasions
parish-occasions/792.md,3,1,yes,Youth Festival | Adapted from Book of Common Prayer,,,Various Occasions
parish-occasions/793.md,2,1,yes,Choir Festival,,,Various Occasions
parish-occasions/794.md,2,1,yes,Choir Festival,,,Various Occasions
parish-occasions/795.md,2,1,yes,Choir Festival,,,Various Occasions
parish-occasions/796.md,3,1,yes,Choir Festival | Frank Colquhoun,,,Various Occasions
parish-occasions/797.md,3,1,yes,Choir Festival | Salisbury Cathedral,,,Various Occasions
parish-occasions/798.md,3,1,yes,Choir Festival | Scottish Prayer Book,,,Various Occasions
parish-occasions/799.md,2,1,yes,Choir Festival,,,Various Occasions
parish-occasions/800.md,2,1,yes,Choir Festival,,,Various Occasions
parish-occasions/801.md,2,1,yes,Choir Festival,,,Various Occasions
parish-occasions/802.md,2,1,yes,Choir Festival,,,Various Occasions
parish-occasions/803.md,3,1,yes,Choir Festival | Harold Anson,,,Various Occasions
parish-occasions/804.md,2,1,yes,Choir Festival,,,Various Occasions
parish-occasions/805.md,3,1,yes,Gift Day or Stewardship Sunday | Book of Common Order,,,Various Occasions
parish-occasions/806.md,3,1,yes,Gift Day or Stewardship Sunday | Adapted from John Donne,,,Various Occasions
parish-occasions/807.md,3,1,yes,Gift Day or Stewardship Sunday | Frank Colquhoun,,,Various Occasions
parish-occasions/808.md,3,1,yes,Gift Day or Stewardship Sunday | R. W. Stewart,,,Various Occasions
parish-occasions/809.md,2,1,yes,Gift Day or Stewardship Sunday,,,Various Occasions
parish-occasions/810.md,3,1,yes,Gift Day or Stewardship Sunday | George Appleton,,,Various Occasions
parish-occasions/811.md,2,1,yes,Gift Day or Stewardship Sunday,,,Various Occasions
parish-occasions/812.md,3,1,yes,Gift Day or Stewardship Sunday | John Hunter,,,Various Occasions
parish-occasions/813.md,3,1,yes,Gift Day or Stewardship Sunday | Church of South India,,,Various Occasions
parish-occasions/814.md,3,1,yes,Gift Day or Stewardship Sunday | With all our Strength,,,Various Occasions
parish-occasions/815.md,2,1,yes,Gift Day or Stewardship Sunday,,,Various Occasions
parish-occasions/816.md,2,1,yes,Gift Day or Stewardship Sunday,,,Various Occasions
parish-occasions/817.md,2,1,yes,Gift Day or Stewardship Sunday,,,Various Occasions
parish-occasions/818.md,3,1,yes,Gift Day or Stewardship Sunday | Central Board of Finance,,,Various Occasions
parish-occasions/819.md,3,1,yes,Gift Day or Stewardship Sunday | American Prayer Book,,,Various Occasions
parish-occasions/820.md,3,1,yes,Gift Day or Stewardship Sunday | Book of Public Worship,,,Various Occasions
parish-occasions/821.md,3,1,yes,Gift Day or Stewardship Sunday | Book of Common Order,,,Various Occasions
parish-occasions/822.md,3,1,yes,Gift Day or Stewardship Sunday | Book of Common Order,,,Various Occasions
parish-occasions/823.md,2,1,yes,Gift Day or Stewardship Sunday,,,Various Occasions
parish-occasions/824.md,3,1,yes,Gift Day or Stewardship Sunday | Daily Prayer,,,Various Occasions
parish-occasions/825.md,3,1,yes,Gift Day or Stewardship Sunday | St. Ignatius Loyola,,,Various Occasions
parish-occasions/826.md,2,1,yes,Gift Day or Stewardship Sunday,,,Various Occasions
parish-occasions/827.md,3,1,yes,Old People’s Service | George Appleton,,,Various Occasions
parish-occasions/828.md,2,1,yes,Old People’s Service,,,Various Occasions
parish-occasions/829.md,2,1,yes,Old People’s Service,,,Various Occasions
parish-occasions/830.md,2,1,yes,Old People’s Service,,,Various Occasions
parish-occasions/831.md,3,1,yes,Old People’s Service | St. Augustine,,,Various Occasions
parish-occasions/832.md,2,1,yes,Old People’s Service,,,Various Occasions
parish-occasions/833.md,2,1,yes,Old People’s Service,,,Various Occasions
parish-occasions/834.md,2,1,yes,Old People’s Service,,,Various Occasions
parish-occasions/835.md,2,1,yes,Old People’s Service,,,Various Occasions
parish-occasions/836.md,2,1,yes,Old People’s Service,,,Various Occasions
parish-occasions/837.md,3,1,yes,"A Civic Service | The Kingdom, the Power, and the Glory",,,Various Occasions
parish-occasions/838.md,3,1,yes,A Civic Service | Adapted from A Diocesan Service Book,,,Various Occasions
parish-occasions/839.md,2,1,yes,A Civic Service,,,Various Occasions
parish-occasions/840.md,2,1,yes,A Civic Service,,,Various Occasions
parish-occasions/841.md,3,1,yes,A Civic Service | Leslie D. Weatherhead,,,Various Occasions
parish-occasions/842.md,2,1,yes,A Civic Service,,,Various Occasions
parish-occasions/843.md,2,1,yes,A Civic Service,,,Various Occasions
parish-occasions/844.md,2,1,yes,A Civic Service,,,Various Occasions
parish-occasions/845.md,2,1,yes,A Civic Service,,,Various Occasions
parish-occasions/846.md,3,1,yes,A Civic Service | B. F. Westcott,,,Various Occasions
parish-occasions/847.md,3,1,yes,A Civic Service | Harold Anson,,,Various Occasions
parish-occasions/848.md,2,1,yes,A Civic Service,,,Various Occasions
parish-occasions/849.md,2,1,yes,A Memorial Service,,,Various Occasions
parish-occasions/850.md,3,1,yes,A Memorial Service | Jeremy Taylor,,,Various Occasions
parish-occasions/851.md,3,1,yes,A Memorial Service | Frederick Temple,,,Various Occasions
parish-occasions/852.md,2,1,yes,A Memorial Service,,,Various Occasions
parish-occasions/853.md,3,1,yes,A Memorial Service | American Prayer Book,,,Various Occasions
parish-occasions/854.md,3,1,yes,A Memorial Service | Russian Contakion of the Departed,,,Various Occasions
parish-occasions/855.md,2,1,yes,A Memorial Service,,,Various Occasions
parish-occasions/856.md,3,1,yes,A Memorial Service | William Temple,,,Various Occasions
parish-occasions/857.md,3,1,yes,A Memorial Service | John Hunter,,,Various Occasions
parish-occasions/858.md,2,1,yes,A Memorial Service,,,Various Occasions
parish-occasions/859.md,3,1,yes,A Memorial Service | William Bright,,,Various Occasions
parish-occasions/860.md,3,1,yes,"A Memorial Service | The Kingdom, the Power, and the Glory",,,Various Occasions
parish-occasions/861.md,2,1,yes,A Memorial Service,,,Various Occasions
parish-occasions/862.md,3,1,yes,A Memorial Service | After J. H. Newman,,,Various Occasions
parish-occasions/863.md,3,1,yes,A Memorial Service | John Donne,,,Various Occasions
parish-occasions/864.md,3,1,yes,A Memorial Service | William Temple,,,Various Occasions
parish-occasions/865.md,2,1,yes,A Memorial Service,,,Various Occasions
parish-occasions/866.md,2,1,yes,A Memorial Service,,,Various Occasions
parish-occasions/867.md,3,1,yes,A Memorial Service | William Bright,,,Various Occasions
parish-occasions/868.md,3,1,yes,A Memorial Service | American Prayer Book,,,Various Occasions
parish-occasions/869.md,2,1,yes,Dedication of Memorial Gifts,,,Various Occasions
parish-occasions/870.md,3,1,yes,Dedication of Memorial Gifts | Book of Common Order,,,Various Occasions
parish-occasions/871.md,3,1,yes,Dedication of Memorial Gifts | A Diocesan Service Book,,,Various Occasions
parish-occasions/872.md,2,1,yes,Dedication of Memorial Gifts,,,Various Occasions
parish-occasions/873.md,3,1,yes,Dedication of Memorial Gifts | Adapted from Book of Common Order,,,Various Occasions
parish-occasions/874.md,3,1,yes,Dedication of Memorial Gifts | A Diocesan Service Book,,,Various Occasions
parish-occasions/875.md,3,1,yes,Dedication of Memorial Gifts | Book of Common Order,,,Various Occasions
parish-occasions/876.md,2,1,yes,Children’s Church,,,Various Occasions
parish-occasions/877.md,2,1,yes,Children’s Church,,,Various Occasions
parish-occasions/878.md,2,1,yes,Children’s Church,,,Various Occasions
parish-occasions/879.md,2,1,yes,Children’s Church,,,Various Occasions
parish-occasions/880.md,3,1,yes,Children’s Church | Canadian Prayer Book,,,Various Occasions
parish-occasions/881.md,2,1,yes,Children’s Church,,,Various Occasions
parish-occasions/882.md,3,1,yes,Children’s Church | Service Book for the Young,,,Various Occasions
parish-occasions/883.md,2,1,yes,Children’s Church,,,Various Occasions
parish-occasions/884.md,3,1,yes,Children’s Church | Ruby E. Cleeve,,,Various Occasions
parish-occasions/885.md,2,1,yes,Children’s Church,,,Various Occasions
parish-occasions/886.md,3,1,yes,Children’s Church | Margaret Cropper,,,Various Occasions
parish-occasions/887.md,3,1,yes,Children’s Church | Margaret Cropper,,,Various Occasions
parish-occasions/888.md,3,1,yes,Children’s Church | Canadian Prayer Book,,,Various Occasions
parish-occasions/889.md,2,1,yes,Children’s Church,,,Various Occasions
parish-occasions/890.md,3,1,yes,Children’s Church | Ruby E. Cleeve,,,Various Occasions
parish-occasions/891.md,2,1,yes,Children’s Church,,,Various Occasions
parish-occasions/892.md,3,1,yes,Children’s Church | C. S. Woodward,,,Various Occasions
parish-occasions/893.md,2,1,yes,Children’s Church,,,Various Occasions
parish-occasions/894.md,3,1,yes,Children’s Church | Ruby E. Cleeve,,,Various Occasions
parish-occasions/895.md,2,1,yes,Children’s Church,,,Various Occasions
parish-occasions/896.md,2,2,yes,,,,Various Occasions | The Church’s Year
parish-occasions/897.md,3,2,yes,Ruby E. Cleeve,,,Various Occasions | The Church’s Year
parish-occasions/898.md,2,2,yes,,,,Various Occasions | The Church’s Year
parish-occasions/899.md,2,2,yes,,,,Various Occasions | The Church’s Year
parish-occasions/900.md,2,2,yes,,,,Various Occasions | The Church’s Year
parish-occasions/901.md,2,2,yes,,,,Various Occasions | The Church’s Year
parish-occasions/902.md,2,2,yes,,,,Various Occasions | The Church’s Year
parish-occasions/903.md,3,2,yes,Ruby E. Cleeve,,,Various Occasions | The Church’s Year
parish-occasions/904.md,2,2,yes,,,,Various Occasions | The Church’s Year
parish-occasions/905.md,2,1,yes,Concluding Prayers,,,Various Occasions
parish-occasions/906.md,3,1,yes,Concluding Prayers | Canadian Prayer Book,,,Various Occasions
parish-sacraments/1000.md,3,1,yes,The Sick | Adapted from Mozarabic Sacramentary,,,Sacraments and Ordinances
parish-sacraments/1001.md,3,1,yes,The Sick | Guild of St. Raphael,,,Sacraments and Ordinances
parish-sacraments/1002.md,3,1,yes,The Sick | Guild of St. Raphael,,,Sacraments and Ordinances
parish-sacraments/1003.md,3,1,yes,The Departed | Book of Common Order,,,Sacraments and Ordinances
parish-sacraments/1004.md,3,1,yes,The Departed | Book of Common Order,,,Sacraments and Ordinances
parish-sacraments/1005.md,3,1,yes,The Departed | American Prayer Book,,,Sacraments and Ordinances
parish-sacraments/1006.md,3,1,yes,The Departed | St. Ignatius Loyola,,,Sacraments and Ordinances
parish-sacraments/1007.md,3,1,yes,The Departed | South African Prayer Book,,,Sacraments and Ordinances
parish-sacraments/1008.md,3,1,yes,The Departed | American Prayer Book,,,Sacraments and Ordinances
parish-sacraments/1009.md,3,1,yes,The Departed | Canadian Prayer Book,,,Sacraments and Ordinances
parish-sacraments/1010.md,3,1,yes,The Departed | New Every Morning,,,Sacraments and Ordinances
parish-sacraments/1011.md,3,1,yes,The Departed | E. B. Pusey,,,Sacraments and Ordinances
parish-sacraments/1012.md,3,1,yes,The Departed | F. J. A. Hort,,,Sacraments and Ordinances
parish-sacraments/1013.md,3,1,yes,The Departed | John Hunter,,,Sacraments and Ordinances
parish-sacraments/1014.md,2,1,yes,The Departed,,,Sacraments and Ordinances
parish-sacraments/1015.md,2,1,yes,The Departed,,,Sacraments and Ordinances
parish-sacraments/1016.md,3,1,yes,The Departed | Irish Prayer Book,,,Sacraments and Ordinances
parish-sacraments/1017.md,3,1,yes,The Departed | Canadian Prayer Book,,,Sacraments and Ordinances
parish-sacraments/1018.md,3,1,yes,The Departed | Church of South India,,,Sacraments and Ordinances
parish-sacraments/1019.md,2,1,yes,The Departed,,,Sacraments and Ordinances
parish-sacraments/1020.md,2,1,yes,The Departed,,,Sacraments and Ordinances
parish-sacraments/1021.md,3,1,yes,The Departed | American Prayer Book,,,Sacraments and Ordinances
parish-sacraments/1022.md,3,1,yes,The Departed | American Prayer Book,,,Sacraments and Ordinances
parish-sacraments/1023.md,3,1,yes,The Departed | American Prayer Book,,,Sacraments and Ordinances
parish-sacraments/1024.md,2,1,yes,Prayers Which May Be Used at the Burial of One Who Has Taken His Own Life,,,Sacraments and Ordinances
parish-sacraments/1025.md,3,1,yes,Prayers Which May Be Used at the Burial of One Who Has Taken His Own Life | Convocation of York,,,Sacraments and Ordinances
parish-sacraments/1026.md,3,1,yes,Prayers Which May Be Used at the Burial of One Who Has Taken His Own Life | Book of Common Order,,,Sacraments and Ordinances
parish-sacraments/1027.md,3,1,yes,Prayers Which May Be Used at the Burial of One Who Has Taken His Own Life | Convocation of York,,,Sacraments and Ordinances
parish-sacraments/1028.md,2,1,yes,Prayers Which May Be Used at the Burial of One Who Has Taken His Own Life,,,Sacraments and Ordinances
parish-sacraments/907.md,3,1,yes,Holy Communion | A Procession of Passion Prayers,,,Sacraments and Ordinances
parish-sacraments/908.md,2,1,yes,Holy Communion,,,Sacraments and Ordinances
parish-sacraments/909.md,3,1,yes,Holy Communion | Adapted from a prayer of St. Thomas Aquinas,,,Sacraments and Ordinances
parish-sacraments/910.md,3,1,yes,Holy Communion | Erasmus,,,Sacraments and Ordinances
parish-sacraments/911.md,3,1,yes,Holy Communion | Book of Common Order,,,Sacraments and Ordinances
parish-sacraments/912.md,3,1,yes,Holy Communion | A Book of Prayers for Students,,,Sacraments and Ordinances
parish-sacraments/913.md,3,1,yes,Holy Communion | Liturgy of St. James,,,Sacraments and Ordinances
parish-sacraments/914.md,3,1,yes,Holy Communion | Salisbury Book of Occasional Offices,,,Sacraments and Ordinances
parish-sacraments/915.md,3,1,yes,Holy Communion | Samuel Johnson,,,Sacraments and Ordinances
parish-sacraments/916.md,3,1,yes,Holy Communion | Charles H. Brent,,,Sacraments and Ordinances
parish-sacraments/917.md,3,1,yes,Holy Communion | Frederick B. Macnutt,,,Sacraments and Ordinances
parish-sacraments/918.md,3,1,yes,Holy Communion | Lionel James,,,Sacraments and Ordinances
parish-sacraments/919.md,3,1,yes,Holy Communion | J. R. W. Stott,,,Sacraments and Ordinances
parish-sacraments/920.md,2,1,yes,Holy Communion,,,Sacraments and Ordinances
parish-sacraments/921.md,2,1,yes,Holy Communion,,,Sacraments and Ordinances
parish-sacraments/922.md,3,1,yes,Holy Communion | Priest’s Book of Private Devotion,,,Sacraments and Ordinances
parish-sacraments/923.md,3,1,yes,Holy Communion | John Dowden,,,Sacraments and Ordinances
parish-sacraments/924.md,3,1,yes,Holy Communion | Frank Colquhoun,,,Sacraments and Ordinances
parish-sacraments/925.md,2,1,yes,Holy Communion,,,Sacraments and Ordinances
parish-sacraments/926.md,2,1,yes,Holy Communion,,,Sacraments and Ordinances
parish-sacraments/927.md,3,1,yes,Holy Communion | From the Liturgy of Malabar,,,Sacraments and Ordinances
parish-sacraments/928.md,3,1,yes,Holy Communion | B. F. Westcott,,,Sacraments and Ordinances
parish-sacraments/929.md,3,1,yes,Holy Communion | Leonine Sacramentary,,,Sacraments and Ordinances
parish-sacraments/930.md,3,1,yes,Holy Communion | Scottish Prayer Book,,,Sacraments and Ordinances
parish-sacraments/931.md,3,1,yes,Holy Communion | Liturgy of the Catholic Apostolic Church,,,Sacraments and Ordinances
parish-sacraments/932.md,2,1,yes,Holy Baptism,,,Sacraments and Ordinances
parish-sacraments/933.md,3,1,yes,Holy Baptism | Church of South India,,,Sacraments and Ordinances
parish-sacraments/934.md,3,1,yes,Holy Baptism | Gelasian Sacramentary,,,Sacraments and Ordinances
parish-sacraments/935.md,3,1,yes,Holy Baptism | Scottish Prayer Book,,,Sacraments and Ordinances
parish-sacraments/936.md,3,1,yes,Holy Baptism | Frank Colquhoun,,,Sacraments and Ordinances
parish-sacraments/937.md,3,1,yes,Holy Baptism | Adapted from Book of Common Prayer,,,Sacraments and Ordinances
parish-sacraments/938.md,3,1,yes,Holy Baptism | A Procession of Passion Prayers,,,Sacraments and Ordinances
parish-sacraments/939.md,3,1,yes,Holy Baptism | Adapted from Book of Common Prayer,,,Sacraments and Ordinances
parish-sacraments/940.md,3,1,yes,Holy Baptism | Collect of Easter Even,,,Sacraments and Ordinances
parish-sacraments/941.md,3,1,yes,Confirmation | Frank Colquhoun,,,Sacraments and Ordinances
parish-sacraments/942.md,2,1,yes,Confirmation,,,Sacraments and Ordinances
parish-sacraments/943.md,3,1,yes,Confirmation | W. Walsham How,,,Sacraments and Ordinances
parish-sacraments/944.md,3,1,yes,Confirmation | R. M. Benson,,,Sacraments and Ordinances
parish-sacraments/945.md,3,1,yes,Confirmation | Based on Confirmation Service,,,Sacraments and Ordinances
parish-sacraments/946.md,2,1,yes,Confirmation,,,Sacraments and Ordinances
parish-sacraments/947.md,2,1,yes,Confirmation,,,Sacraments and Ordinances
parish-sacraments/948.md,2,1,yes,Confirmation,,,Sacraments and Ordinances
parish-sacraments/949.md,3,1,yes,Confirmation | Frank Houghton,,,Sacraments and Ordinances
parish-sacraments/950.md,3,1,yes,Confirmation | Frank Colquhoun,,,Sacraments and Ordinances
parish-sacraments/951.md,3,1,yes,Confirmation | Gelasian Sacramentary,,,Sacraments and Ordinances
parish-sacraments/952.md,3,1,yes,Marriage | American Prayer Book,,,Sacraments and Ordinances
parish-sacraments/953.md,2,1,yes,Marriage,,,Sacraments and Ordinances
parish-sacraments/954.md,2,1,yes,Marriage,,,Sacraments and Ordinances
parish-sacraments/955.md,2,1,yes,Marriage,,,Sacraments and Ordinances
parish-sacraments/956.md,2,1,yes,Marriage,,,Sacraments and Ordinances
parish-sacraments/957.md,3,1,yes,Marriage | A Diocesan Service Book,,,Sacraments and Ordinances
parish-sacraments/958.md,3,1,yes,Marriage | Church of South India,,,Sacraments and Ordinances
parish-sacraments/959.md,3,1,yes,Marriage | Church of South India,,,Sacraments and Ordinances
parish-sacraments/960.md,3,1,yes,Marriage | Let Us Pray,,,Sacraments and Ordinances
parish-sacraments/961.md,2,1,yes,Marriage,,,Sacraments and Ordinances
parish-sacraments/962.md,2,1,yes,Marriage,,,Sacraments and Ordinances
parish-sacraments/963.md,3,1,yes,Prayers Suitable for Use at a Marriage Reunion Service | Brompton Parish Church,,,Sacraments and Ordinances
parish-sacraments/964.md,2,1,yes,Prayers Suitable for Use at a Marriage Reunion Service,,,Sacraments and Ordinances
parish-sacraments/965.md,3,1,yes,Prayers Suitable for Use at a Marriage Reunion Service | Based on Book of Common Prayer,,,Sacraments and Ordinances
parish-sacraments/966.md,2,1,yes,Prayers Suitable for Use at a Marriage Reunion Service,,,Sacraments and Ordinances
parish-sacraments/967.md,3,1,yes,Prayers Suitable for Use at a Marriage Reunion Service | Mothers’ Union,,,Sacraments and Ordinances
parish-sacraments/968.md,3,1,yes,Prayers Suitable for Use at a Marriage Reunion Service | Mothers’ Union,,,Sacraments and Ordinances
parish-sacraments/969.md,2,1,yes,Prayers Suitable for Use at a Marriage Reunion Service,,,Sacraments and Ordinances
parish-sacraments/970.md,3,1,yes,For the Blessing of a Civil Marriage | Book of Common Order,,,Sacraments and Ordinances
parish-sacraments/971.md,3,1,yes,For the Blessing of a Civil Marriage | Diocese of Southwark,,,Sacraments and Ordinances
parish-sacraments/972.md,2,1,yes,For the Blessing of a Civil Marriage,,,Sacraments and Ordinances
parish-sacraments/973.md,3,1,yes,Childbirth | Guild of Health,,,Sacraments and Ordinances
parish-sacraments/974.md,3,1,yes,Childbirth | Guild of Health,,,Sacraments and Ordinances
parish-sacraments/975.md,3,1,yes,Childbirth | South African Prayer Book,,,Sacraments and Ordinances
parish-sacraments/976.md,3,1,yes,Childbirth | Church of South India,,,Sacraments and Ordinances
parish-sacraments/977.md,3,1,yes,Childbirth | Guild of Health,,,Sacraments and Ordinances
parish-sacraments/978.md,3,1,yes,Childbirth | British Hospital for Mothers and Babies,,,Sacraments and Ordinances
parish-sacraments/979.md,2,1,yes,Childbirth,,,Sacraments and Ordinances
parish-sacraments/980.md,3,1,yes,Childbirth | Guild of Health,,,Sacraments and Ordinances
parish-sacraments/981.md,3,1,yes,The Sick | Canadian Prayer Book,,,Sacraments and Ordinances
parish-sacraments/982.md,3,1,yes,The Sick | American Prayer Book,,,Sacraments and Ordinances
parish-sacraments/983.md,3,1,yes,The Sick | American Prayer Book,,,Sacraments and Ordinances
parish-sacraments/984.md,3,1,yes,The Sick | South African Prayer Book,,,Sacraments and Ordinances
parish-sacraments/985.md,3,1,yes,The Sick | Irish Prayer Book,,,Sacraments and Ordinances
parish-sacraments/986.md,2,1,yes,The Sick,,,Sacraments and Ordinances
parish-sacraments/987.md,3,1,yes,The Sick | A Diocesan Service Book,,,Sacraments and Ordinances
parish-sacraments/988.md,3,1,yes,The Sick | Scottish Prayer Book,,,Sacraments and Ordinances
parish-sacraments/989.md,2,1,yes,The Sick,,,Sacraments and Ordinances
parish-sacraments/990.md,2,1,yes,The Sick,,,Sacraments and Ordinances
parish-sacraments/991.md,2,1,yes,The Sick,,,Sacraments and Ordinances
parish-sacraments/992.md,2,1,yes,The Sick,,,Sacraments and Ordinances
parish-sacraments/993.md,3,1,yes,The Sick | A Diocesan Service Book,,,Sacraments and Ordinances
parish-sacraments/994.md,3,1,yes,The Sick | Scottish Prayer Book,,,Sacraments and Ordinances
parish-sacraments/995.md,3,1,yes,The Sick | Guild of St. Raphael,,,Sacraments and Ordinances
parish-sacraments/996.md,3,1,yes,The Sick | Guild of Health,,,Sacraments and Ordinances
parish-sacraments/997.md,3,1,yes,The Sick | Guild of Health,,,Sacraments and Ordinances
parish-sacraments/998.md,3,1,yes,The Sick | Guild of St. Raphael,,,Sacraments and Ordinances
parish-sacraments/999.md,3,1,yes,The Sick | Guild of Health,,,Sacraments and Ordinances
parish-supplementary/1700.md,3,1,yes,Church Meetings | Adapted from a prayer for the General Synod in the Irish Prayer Book,,,Supplementary Prayers
parish-supplementary/1701.md,2,1,yes,Church Meetings,,,Supplementary Prayers
parish-supplementary/1702.md,3,1,yes,Church Meetings | Frank Colquhoun,,,Supplementary Prayers
parish-supplementary/1703.md,2,1,yes,Church Meetings,,,Supplementary Prayers
parish-supplementary/1704.md,3,1,yes,Church Meetings | Adapted from Scottish Prayer Book,,,Supplementary Prayers
parish-supplementary/1705.md,3,1,yes,Church Meetings | Scottish Prayer Book,,,Supplementary Prayers
parish-supplementary/1706.md,3,1,yes,Church Meetings | Frank Houghton,,,Supplementary Prayers
parish-supplementary/1707.md,2,1,yes,Church Meetings,,,Supplementary Prayers
parish-supplementary/1708.md,2,1,yes,Church Meetings,,,Supplementary Prayers
parish-supplementary/1709.md,2,1,yes,Church Meetings,,,Supplementary Prayers
parish-supplementary/1710.md,2,1,yes,Church Meetings,,,Supplementary Prayers
parish-supplementary/1711.md,2,1,yes,Church Meetings,,,Supplementary Prayers
parish-supplementary/1712.md,3,1,yes,Church Meetings | J. Armitage Robinson,,,Supplementary Prayers
parish-supplementary/1713.md,3,1,yes,Church Meetings | Frank Colquhoun,,,Supplementary Prayers
parish-supplementary/1714.md,3,1,yes,Church Meetings | Frank Colquhoun,,,Supplementary Prayers
parish-supplementary/1715.md,2,1,yes,Church Meetings,,,Supplementary Prayers
parish-supplementary/1716.md,3,1,yes,Church Meetings | W. L. Anderson,,,Supplementary Prayers
parish-supplementary/1717.md,2,1,yes,Church Meetings,,,Supplementary Prayers
parish-supplementary/1718.md,2,1,yes,Church Meetings,,,Supplementary Prayers
parish-supplementary/1719.md,2,1,yes,Church Meetings,,,Supplementary Prayers
parish-supplementary/1720.md,2,1,yes,Church Meetings,,,Supplementary Prayers
parish-supplementary/1721.md,2,1,yes,Church Meetings,,,Supplementary Prayers
parish-supplementary/1722.md,2,1,yes,Church Meetings,,,Supplementary Prayers
parish-supplementary/1723.md,2,1,yes,Church Meetings,,,Supplementary Prayers
parish-supplementary/1724.md,3,1,yes,A Prayer Meeting | A Book of Services and Prayers,,,Supplementary Prayers
parish-supplementary/1725.md,3,1,yes,A Prayer Meeting | A Book of Services and Prayers,,,Supplementary Prayers
parish-supplementary/1726.md,3,1,yes,A Prayer Meeting | Frank Colquhoun,,,Supplementary Prayers
parish-supplementary/1727.md,3,1,yes,A Prayer Meeting | Frank Colquhoun,,,Supplementary Prayers
parish-supplementary/1728.md,2,1,yes,A Prayer Meeting,,,Supplementary Prayers
parish-supplementary/1729.md,2,1,yes,A Prayer Meeting,,,Supplementary Prayers
parish-supplementary/1730.md,3,1,yes,A Prayer Meeting | Frank Colquhoun,,,Supplementary Prayers
parish-supplementary/1731.md,3,1,yes,Before Bible Study | William Bright,,,Supplementary Prayers
parish-supplementary/1732.md,3,1,yes,Before Bible Study | Ashton Oxenden,,,Supplementary Prayers
parish-supplementary/1733.md,3,1,yes,Before Bible Study | Bible Reading Fellowship,,,Supplementary Prayers
parish-supplementary/1734.md,3,1,yes,Before Bible Study | John Calvin,,,Supplementary Prayers
parish-supplementary/1735.md,3,1,yes,Before Bible Study | Frank Colquhoun,,,Supplementary Prayers
parish-supplementary/1736.md,3,1,yes,Before Bible Study | Based on 2 Timothy 3:5–17,,,Supplementary Prayers
parish-supplementary/1737.md,3,1,yes,Before Bible Study | After St. Jerome,,,Supplementary Prayers
parish-supplementary/1738.md,3,1,yes,"Before Bible Study | Based on Psalm 119. 105, 18, 162",,,Supplementary Prayers
parish-supplementary/1739.md,2,1,yes,Vestry Prayers,,,Supplementary Prayers
parish-supplementary/1740.md,2,1,yes,Vestry Prayers,,,Supplementary Prayers
parish-supplementary/1741.md,2,1,yes,Vestry Prayers,,,Supplementary Prayers
parish-supplementary/1742.md,2,1,yes,Vestry Prayers,,,Supplementary Prayers
parish-supplementary/1743.md,2,1,yes,Vestry Prayers,,,Supplementary Prayers
parish-supplementary/1744.md,2,1,yes,Vestry Prayers,,,Supplementary Prayers
parish-supplementary/1745.md,2,1,yes,Vestry Prayers,,,Supplementary Prayers
parish-supplementary/1746.md,2,1,yes,Vestry Prayers,,,Supplementary Prayers
parish-supplementary/1747.md,2,1,yes,Vestry Prayers,,,Supplementary Prayers
parish-supplementary/1748.md,2,1,yes,Vestry Prayers,,,Supplementary Prayers
parish-supplementary/1749.md,2,1,yes,Vestry Prayers,,,Supplementary Prayers
parish-supplementary/1750.md,2,1,yes,Vestry Prayers,,,Supplementary Prayers
parish-supplementary/1751.md,2,1,yes,Vestry Prayers,,,Supplementary Prayers
parish-supplementary/1752.md,2,1,yes,Vestry Prayers,,,Supplementary Prayers
parish-supplementary/1753.md,3,1,yes,Vestry Prayers | Gelasian Sacramentary,,,Supplementary Prayers
parish-supplementary/1754.md,3,1,yes,Vestry Prayers | Roman Missal,,,Supplementary Prayers
parish-supplementary/1755.md,2,1,yes,Vestry Prayers,,,Supplementary Prayers
parish-supplementary/1756.md,2,1,yes,Vestry Prayers,,,Supplementary Prayers
parish-supplementary/1757.md,2,1,yes,Vestry Prayers,,,Supplementary Prayers
parish-supplementary/1758.md,3,1,yes,Vestry Prayers | Book of Common Order,,,Supplementary Prayers
parish-supplementary/1759.md,3,1,yes,Vestry Prayers | Book of Common Order,,,Supplementary Prayers
parish-supplementary/1760.md,3,1,yes,Pulpit Prayers | Book of Common Order,,,Supplementary Prayers
parish-supplementary/1761.md,2,1,yes,Pulpit Prayers,,,Supplementary Prayers
parish-supplementary/1762.md,2,1,yes,Pulpit Prayers,,,Supplementary Prayers
parish-supplementary/1763.md,3,1,yes,Pulpit Prayers | Based on 2 Corinthians 4:6,,,Supplementary Prayers
parish-supplementary/1764.md,2,1,yes,Pulpit Prayers,,,Supplementary Prayers
parish-supplementary/1765.md,2,1,yes,Pulpit Prayers,,,Supplementary Prayers
parish-supplementary/1766.md,2,1,yes,Pulpit Prayers,,,Supplementary Prayers
parish-supplementary/1767.md,2,1,yes,Pulpit Prayers,,,Supplementary Prayers
parish-supplementary/1768.md,2,1,yes,Pulpit Prayers,,,Supplementary Prayers
parish-supplementary/1769.md,2,1,yes,Offertory Prayers,,,Supplementary Prayers
parish-supplementary/1770.md,2,1,yes,Offertory Prayers,,,Supplementary Prayers
parish-supplementary/1771.md,2,1,yes,Offertory Prayers,,,Supplementary Prayers
parish-supplementary/1772.md,2,1,yes,Offertory Prayers,,,Supplementary Prayers
parish-supplementary/1773.md,2,1,yes,Offertory Prayers,,,Supplementary Prayers
parish-supplementary/1774.md,2,1,yes,Offertory Prayers,,,Supplementary Prayers
parish-supplementary/1775.md,2,1,yes,Offertory Prayers,,,Supplementary Prayers
parish-supplementary/1776.md,2,1,yes,Offertory Prayers,,,Supplementary Prayers
parish-supplementary/1777.md,3,1,yes,Various | R. M. Benson,,,Supplementary Prayers
parish-supplementary/1778.md,3,1,yes,Various | James Wareham,,,Supplementary Prayers
parish-supplementary/1779.md,2,1,yes,Various,,,Supplementary Prayers
parish-supplementary/1780.md,3,1,yes,Various | Adapted from Student Prayer,,,Supplementary Prayers
parish-supplementary/1781.md,3,1,yes,Various | Frank Colquhoun,,,Supplementary Prayers
parish-supplementary/1782.md,3,1,yes,"Various | The Kingdom, the Power, and the Glory",,,Supplementary Prayers
parish-supplementary/1783.md,3,1,yes,Various | A Diocesan Service Book,,,Supplementary Prayers
parish-supplementary/1784.md,2,1,yes,Various,,,Supplementary Prayers
parish-supplementary/1785.md,2,1,yes,Various,,,Supplementary Prayers
parish-supplementary/1786.md,2,1,yes,Various,,,Supplementary Prayers
parish-supplementary/1787.md,3,1,yes,Various | J. R. W. Stott,,,Supplementary Prayers
parish-supplementary/1788.md,3,1,yes,"Various | King’s College Chapel, Cambridge",,,Supplementary Prayers
parish-supplementary/1789.md,3,1,yes,Various | Salisbury Cathedral,,,Supplementary Prayers
parish-supplementary/1790.md,2,1,yes,Various,,,Supplementary Prayers
parish-supplementary/1791.md,3,1,yes,Various | Religious Drama Society,,,Supplementary Prayers
parish-supplementary/1792.md,3,1,yes,Various | Religious Drama Society,,,Supplementary Prayers
parish-supplementary/1793.md,3,1,yes,Various | J. R. W. Stott,,,Supplementary Prayers
parish-supplementary/1794.md,3,1,yes,Various | Canadian Prayer Book,,,Supplementary Prayers
parish-supplementary/1795.md,2,1,yes,Various,,,Supplementary Prayers
parish-supplementary/1796.md,2,1,yes,Various,,,Supplementary Prayers
parish-supplementary/1797.md,2,1,yes,Various,,,Supplementary Prayers
parish-supplementary/1798.md,3,1,yes,Various | Frank Colquhoun,,,Supplementary Prayers
parish-year/1.md,4,2,yes,General Prayers | Gelasian Sacramentary,,,The Church’s Year | Advent
parish-year/10.md,3,2,yes,General Prayers,,,The Church’s Year | Advent
parish-year/100.md,4,2,yes,The Epiphany | Church of South India,,,The Church’s Year | Epiphany
parish-year/101.md,4,2,yes,The Epiphany | George Appleton,,,The Church’s Year | Epiphany
parish-year/102.md,4,2,yes,The Epiphany | Robert Nelson,,,The Church’s Year | Epiphany
parish-year/103.md,4,2,yes,The Epiphany | Let Us Pray,,,The Church’s Year | Epiphany
parish-year/104.md,4,2,yes,The Epiphany | Church of South India,,,The Church’s Year | Epiphany
parish-year/105.md,4,2,yes,The Baptism of Jesus | Scottish Prayer Book,,,The Church’s Year | Epiphany
parish-year/106.md,4,2,yes,The Baptism of Jesus | Church of South India,,,The Church’s Year | Epiphany
parish-year/107.md,4,2,yes,Frederick B. Macnutt,First Sunday After Epiphany -> Epiphany,,The Church’s Year | Epiphany
parish-year/108.md,4,2,yes,William Knight,First Sunday After Epiphany -> Epiphany,,The Church’s Year | Epiphany
parish-year/109.md,4,2,yes,E. M. Goulburn,First Sunday After Epiphany -> Epiphany,,The Church’s Year | Epiphany
parish-year/11.md,4,2,yes,General Prayers | Lancelot Andrewes,,,The Church’s Year | Advent
parish-year/110.md,4,2,yes,Daily Prayer,First Sunday After Epiphany -> Epiphany,,The Church’s Year | Epiphany
parish-year/111.md,4,2,yes,Henry Alford,First Sunday After Epiphany -> Epiphany,,The Church’s Year | Epiphany
parish-year/112.md,4,2,yes,Harold Riley,First Sunday After Epiphany -> Epiphany,,The Church’s Year | Epiphany
parish-year/113.md,4,2,yes,H. J. Wotherspoon,Second Sunday After Epiphany -> Epiphany,,The Church’s Year | Epiphany
parish-year/114.md,4,2,yes,William Knight,Second Sunday After Epiphany -> Epiphany,,The Church’s Year | Epiphany
parish-year/115.md,3,2,yes,,Second Sunday After Epiphany -> Epiphany,,The Church’s Year | Epiphany
parish-year/116.md,4,2,yes,Based on Romans 12:6–10. #### The first sign,Second Sunday After Epiphany -> Epiphany,,The Church’s Year | Epiphany
parish-year/117.md,4,2,yes,Church of South India,Second Sunday After Epiphany -> Epiphany,,The Church’s Year | Epiphany
parish-year/118.md,4,2,yes,Henry Alford,Second Sunday After Epiphany -> Epiphany,,The Church’s Year | Epiphany
parish-year/119.md,3,2,yes,,Second Sunday After Epiphany -> Epiphany,,The Church’s Year | Epiphany
parish-year/12.md,3,2,yes,General Prayers,,,The Church’s Year | Advent
parish-year/120.md,4,2,yes,J. Mountain,Third Sunday After Epiphany -> Epiphany,,The Church’s Year | Epiphany
parish-year/121.md,4,2,yes,Daily Prayer,Third Sunday After Epiphany -> Epiphany,,The Church’s Year | Epiphany
parish-year/122.md,4,2,yes,Based on Romans 12:19–21,Third Sunday After Epiphany -> Epiphany,,The Church’s Year | Epiphany
parish-year/123.md,4,2,yes,Frank Colquhoun,Third Sunday After Epiphany -> Epiphany,,The Church’s Year | Epiphany
parish-year/124.md,4,2,yes,B. F. Westcott,Third Sunday After Epiphany -> Epiphany,,The Church’s Year | Epiphany
parish-year/125.md,3,2,yes,,Fourth Sunday After Epiphany -> Epiphany,,The Church’s Year | Epiphany
parish-year/126.md,3,2,yes,,Fourth Sunday After Epiphany -> Epiphany,,The Church’s Year | Epiphany
parish-year/127.md,4,2,yes,Leonine Sacramentary,Fourth Sunday After Epiphany -> Epiphany,,The Church’s Year | Epiphany
parish-year/128.md,4,2,yes,Henry Alford,Fourth Sunday After Epiphany -> Epiphany,,The Church’s Year | Epiphany
parish-year/129.md,4,2,yes,Henry Alford,Fourth Sunday After Epiphany -> Epiphany,,The Church’s Year | Epiphany
parish-year/13.md,4,2,yes,Prayers for the Christian Year,First Sunday in Advent -> Advent,,The Church’s Year | Advent
parish-year/130.md,3,2,yes,,Fourth Sunday After Epiphany -> Epiphany,,The Church’s Year | Epiphany
parish-year/131.md,4,2,yes,Christina Rossetti,Fifth Sunday After Epiphany -> Epiphany,,The Church’s Year | Epiphany
parish-year/132.md,4,2,yes,Rydal School Hymnal,Fifth Sunday After Epiphany -> Epiphany,,The Church’s Year | Epiphany
parish-year/133.md,4,2,yes,"Canterbury Convocation, 1862",Fifth Sunday After Epiphany -> Epiphany,,The Church’s Year | Epiphany
parish-year/134.md,4,2,yes,James Ferguson,Fifth Sunday After Epiphany -> Epiphany,,The Church’s Year | Epiphany
parish-year/135.md,4,2,yes,Daily Prayer,Fifth Sunday After Epiphany -> Epiphany,,The Church’s Year | Epiphany
parish-year/136.md,4,2,yes,Christian von Bunsen,Sixth Sunday After Epiphany -> Epiphany,,The Church’s Year | Epiphany
parish-year/137.md,4,2,yes,E. B. Pusey,Sixth Sunday After Epiphany -> Epiphany,,The Church’s Year | Epiphany
parish-year/138.md,4,2,yes,Euchologium Anglicanum,Sixth Sunday After Epiphany -> Epiphany,,The Church’s Year | Epiphany
parish-year/139.md,4,2,yes,Daily Prayer,Sixth Sunday After Epiphany -> Epiphany,,The Church’s Year | Epiphany
parish-year/14.md,4,2,yes,Richard D. Acland,First Sunday in Advent -> Advent,,The Church’s Year | Advent
parish-year/140.md,4,2,yes,Church of South India,Sixth Sunday After Epiphany -> Epiphany,,The Church’s Year | Epiphany
parish-year/141.md,4,1,yes,Septuagesima to Quinquagesima | Sunday Called Septuagesima | Revelation 4:11; 5:13,,,The Church’s Year
parish-year/142.md,4,1,yes,Septuagesima to Quinquagesima | Sunday Called Septuagesima | Liturgy of St. James,,,The Church’s Year
parish-year/143.md,4,1,yes,Septuagesima to Quinquagesima | Sunday Called Septuagesima | Daily Prayer,,,The Church’s Year
parish-year/144.md,4,1,yes,Septuagesima to Quinquagesima | Sunday Called Septuagesima | New Every Morning,,,The Church’s Year
parish-year/145.md,4,1,yes,Septuagesima to Quinquagesima | Sunday Called Septuagesima | J. Mountain,,,The Church’s Year
parish-year/146.md,4,1,yes,Septuagesima to Quinquagesima | Sunday Called Septuagesima | Henry Alford,,,The Church’s Year
parish-year/147.md,4,1,yes,Septuagesima to Quinquagesima | Sunday Called Septuagesima | Daily Prayer,,,The Church’s Year
parish-year/148.md,4,1,yes,Septuagesima to Quinquagesima | Sunday Called Septuagesima | James Martineau,,,The Church’s Year
parish-year/149.md,3,1,yes,Septuagesima to Quinquagesima | Sunday Called Sexagesima,,,The Church’s Year
parish-year/15.md,4,2,yes,Euchologium Anglicanum,First Sunday in Advent -> Advent,,The Church’s Year | Advent
parish-year/150.md,4,1,yes,"Septuagesima to Quinquagesima | Sunday Called Sexagesima | German Reformed Church, U.S.A.",,,The Church’s Year
parish-year/151.md,4,1,yes,Septuagesima to Quinquagesima | Sunday Called Sexagesima | Daily Prayer,,,The Church’s Year
parish-year/152.md,4,1,yes,Septuagesima to Quinquagesima | Sunday Called Sexagesima | W. Rigby Murray,,,The Church’s Year
parish-year/153.md,4,1,yes,Septuagesima to Quinquagesima | Sunday Called Sexagesima | Based on Luke 8:15,,,The Church’s Year
parish-year/154.md,4,1,yes,Septuagesima to Quinquagesima | Sunday Called Sexagesima | J. W. Suter,,,The Church’s Year
parish-year/155.md,4,1,yes,Septuagesima to Quinquagesima | Sunday Called Quinquagesima | Euchologium Anglicanum,,,The Church’s Year
parish-year/156.md,4,1,yes,Septuagesima to Quinquagesima | Sunday Called Quinquagesima | After Lancelot Andrewes,,,The Church’s Year
parish-year/157.md,4,1,yes,Septuagesima to Quinquagesima | Sunday Called Quinquagesima | Lutheran Church,,,The Church’s Year
parish-year/158.md,4,1,yes,Septuagesima to Quinquagesima | Sunday Called Quinquagesima | C. J. Vaughan,,,The Church’s Year
parish-year/159.md,4,1,yes,Septuagesima to Quinquagesima | Sunday Called Quinquagesima | Book of Common Order,,,The Church’s Year
parish-year/16.md,4,2,yes,Henry Alford,First Sunday in Advent -> Advent,,The Church’s Year | Advent
parish-year/160.md,4,1,yes,Septuagesima to Quinquagesima | Sunday Called Quinquagesima | Arthur W. Robinson,,,The Church’s Year
parish-year/161.md,3,1,yes,Septuagesima to Quinquagesima | Sunday Called Quinquagesima,,,The Church’s Year
parish-year/162.md,4,2,yes,After Gelasian Sacramentary,Ash Wednesday -> Lent,,The Church’s Year | Lent
parish-year/163.md,4,2,yes,Frederick B. Macnutt,Ash Wednesday -> Lent,,The Church’s Year | Lent
parish-year/164.md,4,2,yes,Harold Anson,Ash Wednesday -> Lent,,The Church’s Year | Lent
parish-year/165.md,4,2,yes,Adapted from Prayers for the Christian Year,Ash Wednesday -> Lent,,The Church’s Year | Lent
parish-year/166.md,4,2,yes,Prayers for the Christian Year,Ash Wednesday -> Lent,,The Church’s Year | Lent
parish-year/167.md,4,2,yes,Prayers for the Christian Year,Ash Wednesday -> Lent,,The Church’s Year | Lent
parish-year/168.md,4,2,yes,Prayers for the Christian Year,Ash Wednesday -> Lent,,The Church’s Year | Lent
parish-year/169.md,4,2,yes,Gelasian Sacramentary,Ash Wednesday -> Lent,,The Church’s Year | Lent
parish-year/17.md,4,2,yes,Frank Colquhoun,First Sunday in Advent -> Advent,,The Church’s Year | Advent
parish-year/170.md,4,2,yes,Frank Colquhoun,Ash Wednesday -> Lent,,The Church’s Year | Lent
parish-year/171.md,4,2,yes,B. F. Westcott,First Sunday in Lent -> Lent,,The Church’s Year | Lent
parish-year/172.md,4,2,yes,John Cosin,First Sunday in Lent -> Lent,,The Church’s Year | Lent
parish-year/173.md,4,2,yes,Thomas Wilson,First Sunday in Lent -> Lent,,The Church’s Year | Lent
parish-year/174.md,4,2,yes,Gregorian Sacramentary,First Sunday in Lent -> Lent,,The Church’s Year | Lent
parish-year/175.md,4,2,yes,James Ferguson,First Sunday in Lent -> Lent,,The Church’s Year | Lent
parish-year/176.md,4,2,yes,Euchologium Anglicanum,First Sunday in Lent -> Lent,,The Church’s Year | Lent
parish-year/177.md,4,2,yes,C. J. Vaughan,First Sunday in Lent -> Lent,,The Church’s Year | Lent
parish-year/178.md,4,2,yes,Jeremy Taylor,Second Sunday in Lent -> Lent,,The Church’s Year | Lent
parish-year/179.md,4,2,yes,B. F. Westcott,Second Sunday in Lent -> Lent,,The Church’s Year | Lent
parish-year/18.md,4,2,yes,"Based on Romans 13. 11, 12, 1 Thessalonians 5:8",First Sunday in Advent -> Advent,,The Church’s Year | Advent
parish-year/180.md,4,2,yes,C. J. Vaughan,Second Sunday in Lent -> Lent,,The Church’s Year | Lent
parish-year/181.md,4,2,yes,Henry Alford,Second Sunday in Lent -> Lent,,The Church’s Year | Lent
parish-year/182.md,4,2,yes,Gordon Hewitt,Second Sunday in Lent -> Lent,,The Church’s Year | Lent
parish-year/183.md,4,2,yes,W. Walsham How,Third Sunday in Lent -> Lent,,The Church’s Year | Lent
parish-year/184.md,4,2,yes,Henry Alford,Third Sunday in Lent -> Lent,,The Church’s Year | Lent
parish-year/185.md,4,2,yes,Frank Colquhoun,Third Sunday in Lent -> Lent,,The Church’s Year | Lent
parish-year/186.md,4,2,yes,Euchologium Anglicanum,Third Sunday in Lent -> Lent,,The Church’s Year | Lent
parish-year/187.md,4,2,yes,Joseph Hall,Third Sunday in Lent -> Lent,,The Church’s Year | Lent
parish-year/188.md,4,2,yes,J. Mountain,Fourth Sunday in Lent: Mothering Sunday -> Lent,,The Church’s Year | Lent
parish-year/189.md,4,2,yes,Mozarabic Sacramentary,Fourth Sunday in Lent: Mothering Sunday -> Lent,,The Church’s Year | Lent
parish-year/19.md,4,2,yes,Harold Anson,First Sunday in Advent -> Advent,,The Church’s Year | Advent
parish-year/190.md,4,2,yes,Frank Colquhoun,Fourth Sunday in Lent: Mothering Sunday -> Lent,,The Church’s Year | Lent
parish-year/191.md,4,2,yes,Frederick B. Macnutt,Fourth Sunday in Lent: Mothering Sunday -> Lent,,The Church’s Year | Lent
parish-year/192.md,4,2,yes,Gordon Hewitt,Fourth Sunday in Lent: Mothering Sunday -> Lent,,The Church’s Year | Lent
parish-year/193.md,4,2,yes,Scottish Prayer Book,Fifth Sunday in Lent: Passion Sunday -> Lent,,The Church’s Year | Lent
parish-year/194.md,4,2,yes,Scottish Prayer Book,Fifth Sunday in Lent: Passion Sunday -> Lent,,The Church’s Year | Lent
parish-year/195.md,3,2,yes,,Fifth Sunday in Lent: Passion Sunday -> Lent,,The Church’s Year | Lent
parish-year/196.md,4,2,yes,W. E. Orchard,Fifth Sunday in Lent: Passion Sunday -> Lent,,The Church’s Year | Lent
parish-year/197.md,4,2,yes,St. Richard of Chichester,Fifth Sunday in Lent: Passion Sunday -> Lent,,The Church’s Year | Lent
parish-year/198.md,3,2,yes,,Fifth Sunday in Lent: Passion Sunday -> Lent,,The Church’s Year | Lent
parish-year/199.md,4,2,yes,"German Reformed Church, U.S.A.",Fifth Sunday in Lent: Passion Sunday -> Lent,,The Church’s Year | Lent
parish-year/2.md,4,2,yes,General Prayers | Gelasian Sacramentary,,,The Church’s Year | Advent
parish-year/20.md,4,2,yes,Church of South India,Second Sunday in Advent (Bible Sunday) -> Advent,,The Church’s Year | Advent
parish-year/200.md,4,2,yes,A Procession of Passion Prayers,Fifth Sunday in Lent: Passion Sunday -> Lent,,The Church’s Year | Lent
parish-year/201.md,4,2,yes,Church of South India,Palm Sunday -> Holy Week,,The Church’s Year | Holy Week
parish-year/202.md,4,2,yes,Handley C. G. Moule,Palm Sunday -> Holy Week,,The Church’s Year | Holy Week
parish-year/203.md,3,2,yes,,Palm Sunday -> Holy Week,,The Church’s Year | Holy Week
parish-year/204.md,4,2,yes,Prayers for the Christian Year,Palm Sunday -> Holy Week,,The Church’s Year | Holy Week
parish-year/205.md,4,2,yes,With all our Strength,Palm Sunday -> Holy Week,,The Church’s Year | Holy Week
parish-year/206.md,4,2,yes,Diocese of Southwark,Palm Sunday -> Holy Week,,The Church’s Year | Holy Week
parish-year/207.md,3,2,yes,,Palm Sunday -> Holy Week,,The Church’s Year | Holy Week
parish-year/208.md,3,2,yes,,Palm Sunday -> Holy Week,,The Church’s Year | Holy Week
parish-year/209.md,4,2,yes,James Martineau,Palm Sunday -> Holy Week,,The Church’s Year | Holy Week
parish-year/21.md,4,2,yes,Geneva Bible,Second Sunday in Advent (Bible Sunday) -> Advent,,The Church’s Year | Advent
parish-year/210.md,4,2,yes,Christina Rossetti,Palm Sunday -> Holy Week,,The Church’s Year | Holy Week
parish-year/211.md,3,2,yes,,Palm Sunday -> Holy Week,,The Church’s Year | Holy Week
parish-year/212.md,4,2,yes,A Procession of Passion Prayers,Palm Sunday -> Holy Week,,The Church’s Year | Holy Week
parish-year/213.md,3,2,yes,,Palm Sunday -> Holy Week,,The Church’s Year | Holy Week
parish-year/214.md,4,2,yes,"German Reformed Church, U.S.A.",Palm Sunday -> Holy Week,,The Church’s Year | Holy Week
parish-year/215.md,4,2,yes,Based on Philippians 2:8–11,Palm Sunday -> Holy Week,,The Church’s Year | Holy Week
parish-year/216.md,4,3,yes,American Prayer Book,Monday Before Easter -> Easter,,The Church’s Year | Holy Week | Easter
parish-year/217.md,4,3,yes,A. McCheane,Monday Before Easter -> Easter,,The Church’s Year | Holy Week | Easter
parish-year/218.md,3,3,yes,,Monday Before Easter -> Easter,,The Church’s Year | Holy Week | Easter
parish-year/219.md,4,3,yes,Frank Colquhoun,Monday Before Easter -> Easter,,The Church’s Year | Holy Week | Easter
parish-year/22.md,4,2,yes,George Adam Smith,Second Sunday in Advent (Bible Sunday) -> Advent,,The Church’s Year | Advent
parish-year/220.md,4,3,yes,James M. Todd,Monday Before Easter -> Easter,,The Church’s Year | Holy Week | Easter
parish-year/221.md,4,3,yes,American Prayer Book,Tuesday Before Easter -> Easter,,The Church’s Year | Holy Week | Easter
parish-year/222.md,4,3,yes,W. E. Scudamore,Tuesday Before Easter -> Easter,,The Church’s Year | Holy Week | Easter
parish-year/223.md,4,3,yes,A. McCheane,Tuesday Before Easter -> Easter,,The Church’s Year | Holy Week | Easter
parish-year/224.md,4,3,yes,American Prayer Book,Wednesday Before Easter -> Easter,,The Church’s Year | Holy Week | Easter
parish-year/225.md,4,3,yes,A. McCheane,Wednesday Before Easter -> Easter,,The Church’s Year | Holy Week | Easter
parish-year/226.md,4,3,yes,L. Tuttiet,Wednesday Before Easter -> Easter,,The Church’s Year | Holy Week | Easter
parish-year/227.md,4,2,yes,W. E. Scudamore,Maundy Thursday -> Holy Week,,The Church’s Year | Holy Week
parish-year/228.md,3,2,yes,,Maundy Thursday -> Holy Week,,The Church’s Year | Holy Week
parish-year/229.md,4,2,yes,Harold Riley,Maundy Thursday -> Holy Week,,The Church’s Year | Holy Week
parish-year/23.md,3,2,yes,,Second Sunday in Advent (Bible Sunday) -> Advent,,The Church’s Year | Advent
parish-year/230.md,4,2,yes,The Royal Maundy,Maundy Thursday -> Holy Week,,The Church’s Year | Holy Week
parish-year/231.md,4,2,yes,Prayers for the Christian Year,Maundy Thursday -> Holy Week,,The Church’s Year | Holy Week
parish-year/232.md,4,2,yes,W. E. Orchard,Maundy Thursday -> Holy Week,,The Church’s Year | Holy Week
parish-year/233.md,4,2,yes,Adapted from Roman Breviary,Maundy Thursday -> Holy Week,,The Church’s Year | Holy Week
parish-year/234.md,4,2,yes,After Lancelot Andrewes,Maundy Thursday -> Holy Week,,The Church’s Year | Holy Week
parish-year/235.md,4,2,yes,Frank Colquhoun,Maundy Thursday -> Holy Week,,The Church’s Year | Holy Week
parish-year/236.md,4,2,yes,"The Kingdom, the Power, and the Glory",Maundy Thursday -> Holy Week,,The Church’s Year | Holy Week
parish-year/237.md,4,2,yes,W. Walsham How,Good Friday -> Holy Week,,The Church’s Year | Holy Week
parish-year/238.md,4,2,yes,Based on Hebrews 10:19–24,Good Friday -> Holy Week,,The Church’s Year | Holy Week
parish-year/239.md,4,2,yes,Old Galilean,Good Friday -> Holy Week,,The Church’s Year | Holy Week
parish-year/24.md,4,2,yes,James M. Todd,Second Sunday in Advent (Bible Sunday) -> Advent,,The Church’s Year | Advent
parish-year/240.md,3,2,yes,,Good Friday -> Holy Week,,The Church’s Year | Holy Week
parish-year/241.md,4,2,yes,Daily Prayer,Good Friday -> Holy Week,,The Church’s Year | Holy Week
parish-year/242.md,4,2,yes,Daily Prayer,Good Friday -> Holy Week,,The Church’s Year | Holy Week
parish-year/243.md,4,2,yes,Frederick Temple,Good Friday -> Holy Week,,The Church’s Year | Holy Week
parish-year/244.md,3,2,yes,,Good Friday -> Holy Week,,The Church’s Year | Holy Week
parish-year/245.md,4,2,yes,With all our Strength,Good Friday -> Holy Week,,The Church’s Year | Holy Week
parish-year/246.md,4,2,yes,W. E. Scudamore,Good Friday -> Holy Week,,The Church’s Year | Holy Week
parish-year/247.md,3,2,yes,,Good Friday -> Holy Week,,The Church’s Year | Holy Week
parish-year/248.md,4,2,yes,John Wesley’s Prayers,Good Friday -> Holy Week,,The Church’s Year | Holy Week
parish-year/249.md,3,2,yes,,Good Friday -> Holy Week,,The Church’s Year | Holy Week
parish-year/25.md,4,2,yes,"The Kingdom, the Power, and the Glory",Second Sunday in Advent (Bible Sunday) -> Advent,,The Church’s Year | Advent
parish-year/250.md,4,2,yes,Adapted from Sarum Missal,Good Friday -> Holy Week,,The Church’s Year | Holy Week
parish-year/251.md,4,2,yes,Prayers for the Christian Year,Good Friday -> Holy Week,,The Church’s Year | Holy Week
parish-year/252.md,3,2,yes,,Good Friday -> Holy Week,,The Church’s Year | Holy Week
parish-year/253.md,4,2,yes,The Seven Words From the Cross | A Harvest of Myrrh and Spices (trs. W. H. Draper),,,The Church’s Year | Holy Week
parish-year/254.md,4,2,yes,The Seven Words From the Cross | A Procession of Passion Prayers,,,The Church’s Year | Holy Week
parish-year/255.md,3,2,yes,The Seven Words From the Cross,,,The Church’s Year | Holy Week
parish-year/256.md,4,2,yes,The Seven Words From the Cross | Basil Naylor,,,The Church’s Year | Holy Week
parish-year/257.md,4,2,yes,The Seven Words From the Cross | Salisbury Book of Occasional Offices,,,The Church’s Year | Holy Week
parish-year/258.md,4,2,yes,The Seven Words From the Cross | George Timms (after C. J. Vaughan),,,The Church’s Year | Holy Week
parish-year/259.md,4,2,yes,The Seven Words From the Cross | Frank Colquhoun,,,The Church’s Year | Holy Week
parish-year/26.md,3,2,yes,,Second Sunday in Advent (Bible Sunday) -> Advent,,The Church’s Year | Advent
parish-year/260.md,4,2,yes,The Seven Words From the Cross | Basil Naylor,,,The Church’s Year | Holy Week
parish-year/261.md,4,2,yes,The Seven Words From the Cross | William Temple,,,The Church’s Year | Holy Week
parish-year/262.md,3,2,yes,The Seven Words From the Cross,,,The Church’s Year | Holy Week
parish-year/263.md,3,2,yes,The Seven Words From the Cross,,,The Church’s Year | Holy Week
parish-year/264.md,4,2,yes,The Seven Words From the Cross | Frank Colquhoun,,,The Church’s Year | Holy Week
parish-year/265.md,4,2,yes,The Seven Words From the Cross | Basil Naylor,,,The Church’s Year | Holy Week
parish-year/266.md,4,2,yes,The Seven Words From the Cross | George Timms,,,The Church’s Year | Holy Week
parish-year/267.md,3,2,yes,The Seven Words From the Cross,,,The Church’s Year | Holy Week
parish-year/268.md,4,2,yes,The Seven Words From the Cross | Frank Colquhoun,,,The Church’s Year | Holy Week
parish-year/269.md,4,2,yes,The Seven Words From the Cross | Basil Naylor,,,The Church’s Year | Holy Week
parish-year/27.md,4,2,yes,"United Lutheran Church, U.S.A.",Second Sunday in Advent (Bible Sunday) -> Advent,,The Church’s Year | Advent
parish-year/270.md,4,2,yes,The Seven Words From the Cross | W. E. Orchard,,,The Church’s Year | Holy Week
parish-year/271.md,4,2,yes,The Seven Words From the Cross | William Temple,,,The Church’s Year | Holy Week
parish-year/272.md,4,2,yes,The Seven Words From the Cross | Frank Colquhoun,,,The Church’s Year | Holy Week
parish-year/273.md,4,2,yes,The Seven Words From the Cross | Basil Naylor,,,The Church’s Year | Holy Week
parish-year/274.md,4,2,yes,The Seven Words From the Cross | George Timms,,,The Church’s Year | Holy Week
parish-year/275.md,4,2,yes,The Seven Words From the Cross | Office of Sext,,,The Church’s Year | Holy Week
parish-year/276.md,4,2,yes,The Seven Words From the Cross | Frank Colquhoun,,,The Church’s Year | Holy Week
parish-year/277.md,4,2,yes,The Seven Words From the Cross | Basil Naylor,,,The Church’s Year | Holy Week
parish-year/278.md,4,2,yes,The Seven Words From the Cross | George Timms,,,The Church’s Year | Holy Week
parish-year/279.md,3,2,yes,The Seven Words From the Cross,,,The Church’s Year | Holy Week
parish-year/28.md,4,2,yes,Gregory Nazianzen,Second Sunday in Advent (Bible Sunday) -> Advent,,The Church’s Year | Advent
parish-year/280.md,3,2,yes,The Seven Words From the Cross,,,The Church’s Year | Holy Week
parish-year/281.md,4,2,yes,The Seven Words From the Cross | Frank Colquhoun,,,The Church’s Year | Holy Week
parish-year/282.md,4,2,yes,The Seven Words From the Cross | Basil Naylor,,,The Church’s Year | Holy Week
parish-year/283.md,4,2,yes,The Seven Words From the Cross | Office of None,,,The Church’s Year | Holy Week
parish-year/284.md,4,2,yes,The Seven Words From the Cross | Office of None,,,The Church’s Year | Holy Week
parish-year/285.md,4,2,yes,The Seven Words From the Cross | Frank Colquhoun,,,The Church’s Year | Holy Week
parish-year/286.md,4,2,yes,"The Seven Words From the Cross | York Minster, 1547",,,The Church’s Year | Holy Week
parish-year/287.md,4,3,yes,Office of Compline,Easter Even -> Easter,,The Church’s Year | Holy Week | Easter
parish-year/288.md,3,3,yes,,Easter Even -> Easter,,The Church’s Year | Holy Week | Easter
parish-year/289.md,4,3,yes,W. K. Hamilton,Easter Even -> Easter,,The Church’s Year | Holy Week | Easter
parish-year/29.md,4,2,yes,W. Walshanz How,Second Sunday in Advent (Bible Sunday) -> Advent,,The Church’s Year | Advent
parish-year/290.md,4,3,yes,Liturgy of the Catholic Apostolic Church,Easter Even -> Easter,,The Church’s Year | Holy Week | Easter
parish-year/291.md,4,3,yes,Liturgy of the Catholic Apostolic Church,Easter Even -> Easter,,The Church’s Year | Holy Week | Easter
parish-year/292.md,4,2,yes,New Every Morning,Eastertide -> Easter | Easter Day -> Easter,,The Church’s Year | Easter
parish-year/293.md,4,2,yes,Based on 1 Peter 1:3–5,Eastertide -> Easter | Easter Day -> Easter,,The Church’s Year | Easter
parish-year/294.md,3,2,yes,,Eastertide -> Easter | Easter Day -> Easter,,The Church’s Year | Easter
parish-year/295.md,4,2,yes,William Bright,Eastertide -> Easter | Easter Day -> Easter,,The Church’s Year | Easter
parish-year/296.md,4,2,yes,Gothic Missal,Eastertide -> Easter | Easter Day -> Easter,,The Church’s Year | Easter
parish-year/297.md,4,2,yes,Frank Colquhoun,Eastertide -> Easter | Easter Day -> Easter,,The Church’s Year | Easter
parish-year/298.md,4,2,yes,Based on Colossians 3:1–4,Eastertide -> Easter | Easter Day -> Easter,,The Church’s Year | Easter
parish-year/299.md,3,2,yes,,Eastertide -> Easter | Easter Day -> Easter,,The Church’s Year | Easter
parish-year/3.md,4,2,yes,General Prayers | Scottish Prayer Book,,,The Church’s Year | Advent
parish-year/30.md,4,2,yes,Prayers of the World-Wide Church,Third Sunday in Advent -> Advent,,The Church’s Year | Advent
parish-year/300.md,4,2,yes,Adapted from Gelasian Sacramentary,Eastertide -> Easter | Easter Day -> Easter,,The Church’s Year | Easter
parish-year/301.md,4,2,yes,Gregorian Sacramentary,Eastertide -> Easter | Easter Day -> Easter,,The Church’s Year | Easter
parish-year/302.md,3,2,yes,,Eastertide -> Easter | Easter Day -> Easter,,The Church’s Year | Easter
parish-year/303.md,4,2,yes,Based on Book of Common Prayer,Eastertide -> Easter | Easter Day -> Easter,,The Church’s Year | Easter
parish-year/304.md,4,2,yes,Adapted from various sources,Eastertide -> Easter | Easter Day -> Easter,,The Church’s Year | Easter
parish-year/305.md,4,2,yes,J. R. W. Stott,Eastertide -> Easter | Easter Day -> Easter,,The Church’s Year | Easter
parish-year/306.md,4,2,yes,Based on Romans 15:13,Eastertide -> Easter | Easter Day -> Easter,,The Church’s Year | Easter
parish-year/307.md,4,2,yes,"Based on Hebrews 13:20, 21",Eastertide -> Easter | Easter Day -> Easter,,The Church’s Year | Easter
parish-year/308.md,3,2,yes,,Eastertide -> Easter | Monday in Easter Week -> Easter,,The Church’s Year | Easter
parish-year/309.md,4,2,yes,E. Milner-White,Eastertide -> Easter | Monday in Easter Week -> Easter,,The Church’s Year | Easter
parish-year/31.md,4,2,yes,Scottish Prayer Book,Third Sunday in Advent -> Advent,,The Church’s Year | Advent
parish-year/310.md,4,2,yes,E. B. Pusey,Eastertide -> Easter | Monday in Easter Week -> Easter,,The Church’s Year | Easter
parish-year/311.md,4,2,yes,Scottish Prayer Book,Eastertide -> Easter | Tuesday in Easter Week -> Easter,,The Church’s Year | Easter
parish-year/312.md,4,2,yes,Daily Prayer,Eastertide -> Easter | Tuesday in Easter Week -> Easter,,The Church’s Year | Easter
parish-year/313.md,4,2,yes,Mozarabic Sacramentary,Eastertide -> Easter | Tuesday in Easter Week -> Easter,,The Church’s Year | Easter
parish-year/314.md,4,2,yes,Daily Prayer,Eastertide -> Easter | First Sunday After Easter -> Easter,,The Church’s Year | Easter
parish-year/315.md,4,2,yes,Book of Common Order,Eastertide -> Easter | First Sunday After Easter -> Easter,,The Church’s Year | Easter
parish-year/316.md,4,2,yes,William Bright,Eastertide -> Easter | First Sunday After Easter -> Easter,,The Church’s Year | Easter
parish-year/317.md,4,2,yes,Frank Colquhoun,Eastertide -> Easter | First Sunday After Easter -> Easter,,The Church’s Year | Easter
parish-year/318.md,4,2,yes,Frank Colquhoun,Eastertide -> Easter | First Sunday After Easter -> Easter,,The Church’s Year | Easter
parish-year/319.md,4,2,yes,Adapted from Book of Common Prayer,Eastertide -> Easter | First Sunday After Easter -> Easter,,The Church’s Year | Easter
parish-year/32.md,4,2,yes,Church of South India,Third Sunday in Advent -> Advent,,The Church’s Year | Advent
parish-year/320.md,3,2,yes,,Eastertide -> Easter | First Sunday After Easter -> Easter,,The Church’s Year | Easter
parish-year/321.md,4,2,yes,Harold Riley,Eastertide -> Easter | Second Sunday After Easter -> Easter,,The Church’s Year | Easter
parish-year/322.md,4,2,yes,Daily Prayer,Eastertide -> Easter | Second Sunday After Easter -> Easter,,The Church’s Year | Easter
parish-year/323.md,4,2,yes,A Procession of Passion Prayers,Eastertide -> Easter | Second Sunday After Easter -> Easter,,The Church’s Year | Easter
parish-year/324.md,4,2,yes,"The Kingdom, the Power, and the Glory",Eastertide -> Easter | Second Sunday After Easter -> Easter,,The Church’s Year | Easter
parish-year/325.md,3,2,yes,,Eastertide -> Easter | Second Sunday After Easter -> Easter,,The Church’s Year | Easter
parish-year/326.md,4,2,yes,Based on Psalm 23:1–3,Eastertide -> Easter | Second Sunday After Easter -> Easter,,The Church’s Year | Easter
parish-year/327.md,4,2,yes,Frank Colquhoun,Eastertide -> Easter | Third Sunday After Easter -> Easter,,The Church’s Year | Easter
parish-year/328.md,4,2,yes,Irish Prayer Book,Eastertide -> Easter | Third Sunday After Easter -> Easter,,The Church’s Year | Easter
parish-year/329.md,4,2,yes,Frank Colquhoun,Eastertide -> Easter | Third Sunday After Easter -> Easter,,The Church’s Year | Easter
parish-year/33.md,4,2,yes,A New Prayer Book,Third Sunday in Advent -> Advent,,The Church’s Year | Advent
parish-year/330.md,3,2,yes,,Eastertide -> Easter | Third Sunday After Easter -> Easter,,The Church’s Year | Easter
parish-year/331.md,4,2,yes,Daily Prayer,Eastertide -> Easter | Fourth Sunday After Easter -> Easter,,The Church’s Year | Easter
parish-year/332.md,3,2,yes,,Eastertide -> Easter | Fourth Sunday After Easter -> Easter,,The Church’s Year | Easter
parish-year/333.md,4,2,yes,Frank Colquhoun,Eastertide -> Easter | Fourth Sunday After Easter -> Easter,,The Church’s Year | Easter
parish-year/334.md,4,2,yes,Daily Prayer,Eastertide -> Easter | Fourth Sunday After Easter -> Easter,,The Church’s Year | Easter
parish-year/335.md,4,2,yes,Thomas Becon,Eastertide -> Easter | Fifth Sunday After Easter: Rogation Sunday -> Easter,,The Church’s Year | Easter
parish-year/336.md,3,2,yes,,Eastertide -> Easter | Fifth Sunday After Easter: Rogation Sunday -> Easter,,The Church’s Year | Easter
parish-year/337.md,4,2,yes,New Every Morning,Eastertide -> Easter | Fifth Sunday After Easter: Rogation Sunday -> Easter,,The Church’s Year | Easter
parish-year/338.md,4,2,yes,Frank Colquhoun,Eastertide -> Easter | Fifth Sunday After Easter: Rogation Sunday -> Easter,,The Church’s Year | Easter
parish-year/339.md,4,2,yes,Church of South India,Eastertide -> Easter | Fifth Sunday After Easter: Rogation Sunday -> Easter,,The Church’s Year | Easter
parish-year/34.md,4,2,yes,Daily Prayer,Third Sunday in Advent -> Advent,,The Church’s Year | Advent
parish-year/340.md,4,2,yes,W. H. Frere,Eastertide -> Easter | Fifth Sunday After Easter: Rogation Sunday -> Easter,,The Church’s Year | Easter
parish-year/341.md,4,2,yes,Frederick B. Macnutt,Eastertide -> Easter | Fifth Sunday After Easter: Rogation Sunday -> Easter,,The Church’s Year | Easter
parish-year/342.md,4,3,yes,Canadian Prayer Book,Rogationtide -> Other Feasts | Fifth Sunday After Easter: Rogation Sunday -> Easter,,The Church’s Year | Other Feasts | Easter
parish-year/343.md,4,3,yes,John Cosin,Rogationtide -> Other Feasts | Fifth Sunday After Easter: Rogation Sunday -> Easter,,The Church’s Year | Other Feasts | Easter
parish-year/344.md,4,3,yes,Scottish Prayer Book,Rogationtide -> Other Feasts | Fifth Sunday After Easter: Rogation Sunday -> Easter,,The Church’s Year | Other Feasts | Easter
parish-year/345.md,4,3,yes,American Prayer Book,Rogationtide -> Other Feasts | Fifth Sunday After Easter: Rogation Sunday -> Easter,,The Church’s Year | Other Feasts | Easter
parish-year/346.md,4,3,yes,A. McCheane,Rogationtide -> Other Feasts | Fifth Sunday After Easter: Rogation Sunday -> Easter,,The Church’s Year | Other Feasts | Easter
parish-year/347.md,4,3,yes,B. F. Westcott,Rogationtide -> Other Feasts | Fifth Sunday After Easter: Rogation Sunday -> Easter,,The Church’s Year | Other Feasts | Easter
parish-year/348.md,4,3,yes,E. W. Benson,Rogationtide -> Other Feasts | Fifth Sunday After Easter: Rogation Sunday -> Easter,,The Church’s Year | Other Feasts | Easter
parish-year/349.md,4,3,yes,Thomas Wilson,Rogationtide -> Other Feasts | Fifth Sunday After Easter: Rogation Sunday -> Easter,,The Church’s Year | Other Feasts | Easter
parish-year/35.md,4,2,yes,Based on Philippians 4:4–7,Fourth Sunday in Advent -> Advent,,The Church’s Year | Advent
parish-year/350.md,4,3,yes,Country Services,Rogationtide -> Other Feasts | Fifth Sunday After Easter: Rogation Sunday -> Easter,,The Church’s Year | Other Feasts | Easter
parish-year/351.md,3,3,yes,,Rogationtide -> Other Feasts | Fifth Sunday After Easter: Rogation Sunday -> Easter,,The Church’s Year | Other Feasts | Easter
parish-year/352.md,4,3,yes,Harold Riley,Rogationtide -> Other Feasts | Fifth Sunday After Easter: Rogation Sunday -> Easter,,The Church’s Year | Other Feasts | Easter
parish-year/353.md,3,3,yes,,Rogationtide -> Other Feasts | Fifth Sunday After Easter: Rogation Sunday -> Easter,,The Church’s Year | Other Feasts | Easter
parish-year/354.md,4,3,yes,Canadian Prayer Book,Rogationtide -> Other Feasts | Fifth Sunday After Easter: Rogation Sunday -> Easter,,The Church’s Year | Other Feasts | Easter
parish-year/355.md,3,3,yes,,Rogationtide -> Other Feasts | Fifth Sunday After Easter: Rogation Sunday -> Easter,,The Church’s Year | Other Feasts | Easter
parish-year/356.md,3,3,yes,,Rogationtide -> Other Feasts | Fifth Sunday After Easter: Rogation Sunday -> Easter,,The Church’s Year | Other Feasts | Easter
parish-year/357.md,3,3,yes,,Rogationtide -> Other Feasts | Fifth Sunday After Easter: Rogation Sunday -> Easter,,The Church’s Year | Other Feasts | Easter
parish-year/358.md,4,2,yes,Te Deum,Ascensiontide -> Ascension | The Ascension Day -> Ascension,,The Church’s Year | Ascension
parish-year/359.md,3,2,yes,,Ascensiontide -> Ascension | The Ascension Day -> Ascension,,The Church’s Year | Ascension
parish-year/36.md,4,2,yes,Prayers for the Christian Year,Fourth Sunday in Advent -> Advent,,The Church’s Year | Advent
parish-year/360.md,4,2,yes,After the Third Collect,Ascensiontide -> Ascension | The Ascension Day -> Ascension,,The Church’s Year | Ascension
parish-year/361.md,4,2,yes,Henry Alford,Ascensiontide -> Ascension | The Ascension Day -> Ascension,,The Church’s Year | Ascension
parish-year/362.md,3,2,yes,,Ascensiontide -> Ascension | The Ascension Day -> Ascension,,The Church’s Year | Ascension
parish-year/363.md,4,2,yes,Sarum Breviary,Ascensiontide -> Ascension | The Ascension Day -> Ascension,,The Church’s Year | Ascension
parish-year/364.md,4,2,yes,Scottish Prayer Book,Ascensiontide -> Ascension | The Ascension Day -> Ascension,,The Church’s Year | Ascension
parish-year/365.md,4,2,yes,Leonine Sacramentary,Ascensiontide -> Ascension | The Ascension Day -> Ascension,,The Church’s Year | Ascension
parish-year/366.md,4,2,yes,Gelasian Sacramentary,Ascensiontide -> Ascension | The Ascension Day -> Ascension,,The Church’s Year | Ascension
parish-year/367.md,4,2,yes,South African Prayer Book,Ascensiontide -> Ascension | The Ascension Day -> Ascension,,The Church’s Year | Ascension
parish-year/368.md,3,2,yes,,Ascensiontide -> Ascension | The Ascension Day -> Ascension,,The Church’s Year | Ascension
parish-year/369.md,4,2,yes,Frederick B. Macnutt,Ascensiontide -> Ascension | The Ascension Day -> Ascension,,The Church’s Year | Ascension
parish-year/37.md,4,2,yes,Frederick B. Macnutt,Fourth Sunday in Advent -> Advent,,The Church’s Year | Advent
parish-year/370.md,4,2,yes,Liturgy of the Catholic Apostolic Church,Ascensiontide -> Ascension | The Ascension Day -> Ascension,,The Church’s Year | Ascension
parish-year/371.md,4,2,yes,George Appleton,Ascensiontide -> Ascension | The Ascension Day -> Ascension,,The Church’s Year | Ascension
parish-year/372.md,3,2,yes,,Ascensiontide -> Ascension | The Ascension Day -> Ascension,,The Church’s Year | Ascension
parish-year/373.md,4,2,yes,Based on Thomas Ken,Ascensiontide -> Ascension | Sunday After Ascension Day -> Ascension,,The Church’s Year | Ascension
parish-year/374.md,4,2,yes,Church of South India,Ascensiontide -> Ascension | Sunday After Ascension Day -> Ascension,,The Church’s Year | Ascension
parish-year/375.md,4,2,yes,Mozarabic Sacramentary,Ascensiontide -> Ascension | Sunday After Ascension Day -> Ascension,,The Church’s Year | Ascension
parish-year/376.md,4,2,yes,W. E. Scudamore,Ascensiontide -> Ascension | Sunday After Ascension Day -> Ascension,,The Church’s Year | Ascension
parish-year/377.md,4,2,yes,Leonine Sacramentary,Ascensiontide -> Ascension | Sunday After Ascension Day -> Ascension,,The Church’s Year | Ascension
parish-year/378.md,4,2,yes,Based on 1 Peter 4:10–11,Ascensiontide -> Ascension | Sunday After Ascension Day -> Ascension,,The Church’s Year | Ascension
parish-year/379.md,4,2,yes,The Prayer Manual,Ascensiontide -> Ascension | Sunday After Ascension Day -> Ascension,,The Church’s Year | Ascension
parish-year/38.md,4,2,yes,Prayers for the Christian Year,Fourth Sunday in Advent -> Advent,,The Church’s Year | Advent
parish-year/380.md,4,2,yes,After the Third Collect,Whitsuntide -> Pentecost | Whitsunday -> Pentecost,,The Church’s Year | Pentecost
parish-year/381.md,4,2,yes,Gelasian Sacramentary,Whitsuntide -> Pentecost | Whitsunday -> Pentecost,,The Church’s Year | Pentecost
parish-year/382.md,3,2,yes,,Whitsuntide -> Pentecost | Whitsunday -> Pentecost,,The Church’s Year | Pentecost
parish-year/383.md,3,2,yes,,Whitsuntide -> Pentecost | Whitsunday -> Pentecost,,The Church’s Year | Pentecost
parish-year/384.md,4,2,yes,G. E. L. Cotton,Whitsuntide -> Pentecost | Whitsunday -> Pentecost,,The Church’s Year | Pentecost
parish-year/385.md,4,2,yes,George Appleton,Whitsuntide -> Pentecost | Whitsunday -> Pentecost,,The Church’s Year | Pentecost
parish-year/386.md,4,2,yes,James Ferguson,Whitsuntide -> Pentecost | Whitsunday -> Pentecost,,The Church’s Year | Pentecost
parish-year/387.md,4,2,yes,Frank Colquhoun,Whitsuntide -> Pentecost | Whitsunday -> Pentecost,,The Church’s Year | Pentecost
parish-year/388.md,4,2,yes,Gelasian Sacramentary,Whitsuntide -> Pentecost | Whitsunday -> Pentecost,,The Church’s Year | Pentecost
parish-year/389.md,4,2,yes,Liturgy of the Catholic Apostolic Church,Whitsuntide -> Pentecost | Whitsunday -> Pentecost,,The Church’s Year | Pentecost
parish-year/39.md,4,2,yes,James M. Todd,Fourth Sunday in Advent -> Advent,,The Church’s Year | Advent
parish-year/390.md,4,2,yes,Adapted from St. Nerses of Clajes,Whitsuntide -> Pentecost | Whitsunday -> Pentecost,,The Church’s Year | Pentecost
parish-year/391.md,4,2,yes,Church of South India,Whitsuntide -> Pentecost | Whitsunday -> Pentecost,,The Church’s Year | Pentecost
parish-year/392.md,3,2,yes,,Whitsuntide -> Pentecost | Whitsunday -> Pentecost,,The Church’s Year | Pentecost
parish-year/393.md,4,2,yes,Adapted from Book of Common Prayer,Whitsuntide -> Pentecost | Whitsunday -> Pentecost,,The Church’s Year | Pentecost
parish-year/394.md,3,2,yes,,Whitsuntide -> Pentecost | Whitsunday -> Pentecost,,The Church’s Year | Pentecost
parish-year/395.md,3,2,yes,,Whitsuntide -> Pentecost | Whitsunday -> Pentecost,,The Church’s Year | Pentecost
parish-year/396.md,4,2,yes,American Prayer Book,Whitsuntide -> Pentecost | Whitsunday -> Pentecost,,The Church’s Year | Pentecost
parish-year/397.md,4,2,yes,Scottish Prayer Book,Whitsuntide -> Pentecost | Whitsunday -> Pentecost,,The Church’s Year | Pentecost
parish-year/398.md,4,2,yes,James Martineau,Whitsuntide -> Pentecost | Whitsunday -> Pentecost,,The Church’s Year | Pentecost
parish-year/399.md,4,2,yes,American Prayer Book,Whitsuntide -> Pentecost | Whitsunday -> Pentecost,,The Church’s Year | Pentecost
parish-year/4.md,3,2,yes,General Prayers,,,The Church’s Year | Advent
parish-year/40.md,3,2,yes,,Fourth Sunday in Advent -> Advent,,The Church’s Year | Advent
parish-year/400.md,4,2,yes,Scottish Prayer Book,Whitsuntide -> Pentecost | Whitsunday -> Pentecost,,The Church’s Year | Pentecost
parish-year/401.md,4,2,yes,H. C. Cooksey,Whitsuntide -> Pentecost | Whitsunday -> Pentecost,,The Church’s Year | Pentecost
parish-year/402.md,4,2,yes,Daily Prayer,Whitsuntide -> Pentecost | Whitsunday -> Pentecost,,The Church’s Year | Pentecost
parish-year/403.md,4,2,yes,Trinity Sunday | Scottish Prayer Book,The Trinity Season -> Trinity Season,,The Church’s Year | Trinity Season
parish-year/404.md,4,2,yes,Trinity Sunday | Book of Common Order,The Trinity Season -> Trinity Season,,The Church’s Year | Trinity Season
parish-year/405.md,3,2,yes,Trinity Sunday,The Trinity Season -> Trinity Season,,The Church’s Year | Trinity Season
parish-year/406.md,3,2,yes,Trinity Sunday,The Trinity Season -> Trinity Season,,The Church’s Year | Trinity Season
parish-year/407.md,4,2,yes,Trinity Sunday | Daily Prayer,The Trinity Season -> Trinity Season,,The Church’s Year | Trinity Season
parish-year/408.md,3,2,yes,Trinity Sunday,The Trinity Season -> Trinity Season,,The Church’s Year | Trinity Season
parish-year/409.md,4,2,yes,Trinity Sunday | Wilfred B. Hornby,The Trinity Season -> Trinity Season,,The Church’s Year | Trinity Season
parish-year/41.md,4,2,yes,General Prayers | John Hunter,,,The Church’s Year | Christmas
parish-year/410.md,4,2,yes,Trinity Sunday | Euchologium Anglicanum,The Trinity Season -> Trinity Season,,The Church’s Year | Trinity Season
parish-year/411.md,4,2,yes,Trinity Sunday | Church of South India,The Trinity Season -> Trinity Season,,The Church’s Year | Trinity Season
parish-year/412.md,4,2,yes,Trinity Sunday | St. Hilary of Poitiers,The Trinity Season -> Trinity Season,,The Church’s Year | Trinity Season
parish-year/413.md,4,2,yes,Trinity Sunday | Thomas Ken,The Trinity Season -> Trinity Season,,The Church’s Year | Trinity Season
parish-year/414.md,4,2,yes,First Sunday After Trinity | B. F. Westcott,The Trinity Season -> Trinity Season,,The Church’s Year | Trinity Season
parish-year/415.md,4,2,yes,First Sunday After Trinity | Henry Alford,The Trinity Season -> Trinity Season,,The Church’s Year | Trinity Season
parish-year/416.md,4,2,yes,First Sunday After Trinity | William Knight,The Trinity Season -> Trinity Season,,The Church’s Year | Trinity Season
parish-year/417.md,3,2,yes,First Sunday After Trinity,The Trinity Season -> Trinity Season,,The Church’s Year | Trinity Season
parish-year/418.md,3,2,yes,First Sunday After Trinity,The Trinity Season -> Trinity Season,,The Church’s Year | Trinity Season
parish-year/419.md,4,2,yes,First Sunday After Trinity | Frank Colquhoun,The Trinity Season -> Trinity Season,,The Church’s Year | Trinity Season
parish-year/42.md,4,2,yes,General Prayers | A New Prayer Book,,,The Church’s Year | Christmas
parish-year/420.md,4,2,yes,First Sunday After Trinity | Daily Prayer,The Trinity Season -> Trinity Season,,The Church’s Year | Trinity Season
parish-year/421.md,4,2,yes,Second Sunday After Trinity | E. Milner-White,The Trinity Season -> Trinity Season,,The Church’s Year | Trinity Season
parish-year/422.md,4,2,yes,Second Sunday After Trinity | James Mountain,The Trinity Season -> Trinity Season,,The Church’s Year | Trinity Season
parish-year/423.md,4,2,yes,"Second Sunday After Trinity | Based on 2 John 3:23, 24",The Trinity Season -> Trinity Season,,The Church’s Year | Trinity Season
parish-year/424.md,4,2,yes,Second Sunday After Trinity | Henry Alford,The Trinity Season -> Trinity Season,,The Church’s Year | Trinity Season
parish-year/425.md,4,2,yes,Third Sunday After Trinity | Daily Prayer,The Trinity Season -> Trinity Season,,The Church’s Year | Trinity Season
parish-year/426.md,4,2,yes,Third Sunday After Trinity | William Bright,The Trinity Season -> Trinity Season,,The Church’s Year | Trinity Season
parish-year/427.md,4,2,yes,Third Sunday After Trinity | George Appleton,The Trinity Season -> Trinity Season,,The Church’s Year | Trinity Season
parish-year/428.md,4,2,yes,Third Sunday After Trinity | From Book of Common Prayer,The Trinity Season -> Trinity Season,,The Church’s Year | Trinity Season
parish-year/429.md,4,2,yes,Third Sunday After Trinity | Frank Colquhoun,The Trinity Season -> Trinity Season,,The Church’s Year | Trinity Season
parish-year/43.md,4,2,yes,General Prayers | William Knight,,,The Church’s Year | Christmas
parish-year/430.md,3,2,yes,Third Sunday After Trinity,The Trinity Season -> Trinity Season,,The Church’s Year | Trinity Season
parish-year/431.md,4,2,yes,Fourth Sunday After Trinity | Henry Alford,The Trinity Season -> Trinity Season,,The Church’s Year | Trinity Season
parish-year/432.md,4,2,yes,Fourth Sunday After Trinity | A Devotional Diary,The Trinity Season -> Trinity Season,,The Church’s Year | Trinity Season
parish-year/433.md,3,2,yes,Fourth Sunday After Trinity,The Trinity Season -> Trinity Season,,The Church’s Year | Trinity Season
parish-year/434.md,3,2,yes,Fourth Sunday After Trinity,The Trinity Season -> Trinity Season,,The Church’s Year | Trinity Season
parish-year/435.md,4,2,yes,Fourth Sunday After Trinity | Daily Prayer,The Trinity Season -> Trinity Season,,The Church’s Year | Trinity Season
parish-year/436.md,4,2,yes,Fifth Sunday After Trinity | L. E. H. Stephens-Hodge,The Trinity Season -> Trinity Season,,The Church’s Year | Trinity Season
parish-year/437.md,4,2,yes,Fifth Sunday After Trinity | Daily Prayer,The Trinity Season -> Trinity Season,,The Church’s Year | Trinity Season
parish-year/438.md,4,2,yes,Fifth Sunday After Trinity | Frank Colquhoun,The Trinity Season -> Trinity Season,,The Church’s Year | Trinity Season
parish-year/439.md,4,2,yes,Fifth Sunday After Trinity | Frank Colquhoun,The Trinity Season -> Trinity Season,,The Church’s Year | Trinity Season
parish-year/44.md,3,2,yes,General Prayers,,,The Church’s Year | Christmas
parish-year/440.md,4,2,yes,Sixth Sunday After Trinity | Henry Alford,The Trinity Season -> Trinity Season,,The Church’s Year | Trinity Season
parish-year/441.md,4,2,yes,Sixth Sunday After Trinity | Henry Alford,The Trinity Season -> Trinity Season,,The Church’s Year | Trinity Season
parish-year/442.md,4,2,yes,Sixth Sunday After Trinity | E. Milner-White,The Trinity Season -> Trinity Season,,The Church’s Year | Trinity Season
parish-year/443.md,4,2,yes,Sixth Sunday After Trinity | L. E. H. Stephens-Hodge,The Trinity Season -> Trinity Season,,The Church’s Year | Trinity Season
parish-year/444.md,4,2,yes,Seventh Sunday After Trinity | Frank Colquhoun,The Trinity Season -> Trinity Season,,The Church’s Year | Trinity Season
parish-year/445.md,4,2,yes,Seventh Sunday After Trinity | Frank Colquhoun,The Trinity Season -> Trinity Season,,The Church’s Year | Trinity Season
parish-year/446.md,4,2,yes,Seventh Sunday After Trinity | James Ferguson,The Trinity Season -> Trinity Season,,The Church’s Year | Trinity Season
parish-year/447.md,3,2,yes,Eighth Sunday After Trinity,The Trinity Season -> Trinity Season,,The Church’s Year | Trinity Season
parish-year/448.md,4,2,yes,Eighth Sunday After Trinity | Henry Alford,The Trinity Season -> Trinity Season,,The Church’s Year | Trinity Season
parish-year/449.md,4,2,yes,"Eighth Sunday After Trinity | Godly Prayers, 1559",The Trinity Season -> Trinity Season,,The Church’s Year | Trinity Season
parish-year/45.md,4,2,yes,General Prayers | H. Bisseker,,,The Church’s Year | Christmas
parish-year/450.md,4,2,yes,Eighth Sunday After Trinity | Adapted from a 16th c. German prayer,The Trinity Season -> Trinity Season,,The Church’s Year | Trinity Season
parish-year/451.md,4,2,yes,Eighth Sunday After Trinity | L. E. H. Stephens-Hodge,The Trinity Season -> Trinity Season,,The Church’s Year | Trinity Season
parish-year/452.md,4,2,yes,Ninth Sunday After Trinity | C. J. Vaughan,The Trinity Season -> Trinity Season,,The Church’s Year | Trinity Season
parish-year/453.md,4,2,yes,Ninth Sunday After Trinity | E. B. Pusey,The Trinity Season -> Trinity Season,,The Church’s Year | Trinity Season
parish-year/454.md,4,2,yes,Ninth Sunday After Trinity | American Prayer Book,The Trinity Season -> Trinity Season,,The Church’s Year | Trinity Season
parish-year/455.md,4,2,yes,Ninth Sunday After Trinity | Frank Colquhoun,The Trinity Season -> Trinity Season,,The Church’s Year | Trinity Season
parish-year/456.md,4,2,yes,Ninth Sunday After Trinity | Student Prayer,The Trinity Season -> Trinity Season,,The Church’s Year | Trinity Season
parish-year/457.md,4,2,yes,Tenth Sunday After Trinity | Euchologium Anglicanum,The Trinity Season -> Trinity Season,,The Church’s Year | Trinity Season
parish-year/458.md,3,2,yes,Tenth Sunday After Trinity,The Trinity Season -> Trinity Season,,The Church’s Year | Trinity Season
parish-year/459.md,3,2,yes,Tenth Sunday After Trinity,The Trinity Season -> Trinity Season,,The Church’s Year | Trinity Season
parish-year/46.md,3,2,yes,General Prayers,,,The Church’s Year | Christmas
parish-year/460.md,3,2,yes,Tenth Sunday After Trinity,The Trinity Season -> Trinity Season,,The Church’s Year | Trinity Season
parish-year/461.md,3,2,yes,Tenth Sunday After Trinity,The Trinity Season -> Trinity Season,,The Church’s Year | Trinity Season
parish-year/462.md,4,2,yes,Tenth Sunday After Trinity | W. E. Scudamore,The Trinity Season -> Trinity Season,,The Church’s Year | Trinity Season
parish-year/463.md,4,2,yes,Eleventh Sunday After Trinity | Frank Colquhoun,The Trinity Season -> Trinity Season,,The Church’s Year | Trinity Season
parish-year/464.md,4,2,yes,Eleventh Sunday After Trinity | James Mountain,The Trinity Season -> Trinity Season,,The Church’s Year | Trinity Season
parish-year/465.md,4,2,yes,Eleventh Sunday After Trinity | Euchologium Anglicanum,The Trinity Season -> Trinity Season,,The Church’s Year | Trinity Season
parish-year/466.md,4,2,yes,Eleventh Sunday After Trinity | Frank Colquhoun,The Trinity Season -> Trinity Season,,The Church’s Year | Trinity Season
parish-year/467.md,3,2,yes,Eleventh Sunday After Trinity,The Trinity Season -> Trinity Season,,The Church’s Year | Trinity Season
parish-year/468.md,3,2,yes,Eleventh Sunday After Trinity,The Trinity Season -> Trinity Season,,The Church’s Year | Trinity Season
parish-year/469.md,4,2,yes,Twelfth Sunday After Trinity | Frank Colquhoun,The Trinity Season -> Trinity Season,,The Church’s Year | Trinity Season
parish-year/47.md,4,2,yes,General Prayers | Frank Colquhoun,,,The Church’s Year | Christmas
parish-year/470.md,4,2,yes,Twelfth Sunday After Trinity | W. M. Clow,The Trinity Season -> Trinity Season,,The Church’s Year | Trinity Season
parish-year/471.md,4,2,yes,Twelfth Sunday After Trinity | Euchologium Anglicanum,The Trinity Season -> Trinity Season,,The Church’s Year | Trinity Season
parish-year/472.md,4,2,yes,Twelfth Sunday After Trinity | Mandell Creighton,The Trinity Season -> Trinity Season,,The Church’s Year | Trinity Season
parish-year/473.md,4,2,yes,Thirteenth Sunday After Trinity | Frank Colquhoun,The Trinity Season -> Trinity Season,,The Church’s Year | Trinity Season
parish-year/474.md,3,2,yes,Thirteenth Sunday After Trinity,The Trinity Season -> Trinity Season,,The Church’s Year | Trinity Season
parish-year/475.md,4,2,yes,Thirteenth Sunday After Trinity | Frank Colquhoun,The Trinity Season -> Trinity Season,,The Church’s Year | Trinity Season
parish-year/476.md,3,2,yes,Thirteenth Sunday After Trinity,The Trinity Season -> Trinity Season,,The Church’s Year | Trinity Season
parish-year/477.md,4,2,yes,Fourteenth Sunday After Trinity | The Narrow Way,The Trinity Season -> Trinity Season,,The Church’s Year | Trinity Season
parish-year/478.md,4,2,yes,Fourteenth Sunday After Trinity | Frank Colquhoun,The Trinity Season -> Trinity Season,,The Church’s Year | Trinity Season
parish-year/479.md,4,2,yes,Fourteenth Sunday After Trinity | Henry Alford,The Trinity Season -> Trinity Season,,The Church’s Year | Trinity Season
parish-year/48.md,4,2,yes,General Prayers | Gallican Sacramentary,,,The Church’s Year | Christmas
parish-year/480.md,4,2,yes,"Fourteenth Sunday After Trinity | Based on Galatians 5:22, 23",The Trinity Season -> Trinity Season,,The Church’s Year | Trinity Season
parish-year/481.md,4,2,yes,Fourteenth Sunday After Trinity | Frank Colquhoun,The Trinity Season -> Trinity Season,,The Church’s Year | Trinity Season
parish-year/482.md,3,2,yes,Fourteenth Sunday After Trinity,The Trinity Season -> Trinity Season,,The Church’s Year | Trinity Season
parish-year/483.md,4,2,yes,Fifteenth Sunday After Trinity | Daily Prayer,The Trinity Season -> Trinity Season,,The Church’s Year | Trinity Season
parish-year/484.md,4,2,yes,Fifteenth Sunday After Trinity | A Procession of Passion Prayers,The Trinity Season -> Trinity Season,,The Church’s Year | Trinity Season
parish-year/485.md,4,2,yes,"Fifteenth Sunday After Trinity | Austrian Church Order, 1571",The Trinity Season -> Trinity Season,,The Church’s Year | Trinity Season
parish-year/486.md,3,2,yes,Fifteenth Sunday After Trinity,The Trinity Season -> Trinity Season,,The Church’s Year | Trinity Season
parish-year/487.md,4,2,yes,Fifteenth Sunday After Trinity | St. Augustine,The Trinity Season -> Trinity Season,,The Church’s Year | Trinity Season
parish-year/488.md,4,2,yes,Fifteenth Sunday After Trinity | Euchologium Anglicanum,The Trinity Season -> Trinity Season,,The Church’s Year | Trinity Season
parish-year/489.md,4,2,yes,Sixteenth Sunday After Trinity | Ephesians 3:14–19,The Trinity Season -> Trinity Season,,The Church’s Year | Trinity Season
parish-year/49.md,4,2,yes,General Prayers | Frank Colquhoun,,,The Church’s Year | Christmas
parish-year/490.md,4,2,yes,Sixteenth Sunday After Trinity | Daily Prayer,The Trinity Season -> Trinity Season,,The Church’s Year | Trinity Season
parish-year/491.md,4,2,yes,Sixteenth Sunday After Trinity | Adapted from Jeremy Taylor,The Trinity Season -> Trinity Season,,The Church’s Year | Trinity Season
parish-year/492.md,4,2,yes,Sixteenth Sunday After Trinity | New Every Morning,The Trinity Season -> Trinity Season,,The Church’s Year | Trinity Season
parish-year/493.md,4,2,yes,Sixteenth Sunday After Trinity | Salisbury Book of Occasional Offices,The Trinity Season -> Trinity Season,,The Church’s Year | Trinity Season
parish-year/494.md,4,2,yes,Seventeenth Sunday After Trinity | William Temple,The Trinity Season -> Trinity Season,,The Church’s Year | Trinity Season
parish-year/495.md,4,2,yes,Seventeenth Sunday After Trinity | Based on Ephesians 4:4–6,The Trinity Season -> Trinity Season,,The Church’s Year | Trinity Season
parish-year/496.md,4,2,yes,Seventeenth Sunday After Trinity | Daily Prayer,The Trinity Season -> Trinity Season,,The Church’s Year | Trinity Season
parish-year/497.md,4,2,yes,Seventeenth Sunday After Trinity | Frank Colquhoun,The Trinity Season -> Trinity Season,,The Church’s Year | Trinity Season
parish-year/498.md,4,2,yes,Seventeenth Sunday After Trinity | Charles Kingsley,The Trinity Season -> Trinity Season,,The Church’s Year | Trinity Season
parish-year/499.md,3,2,yes,Eighteenth Sunday After Trinity,The Trinity Season -> Trinity Season,,The Church’s Year | Trinity Season
parish-year/5.md,4,2,yes,General Prayers | W. Walsham How,,,The Church’s Year | Advent
parish-year/50.md,4,2,yes,General Prayers | Frank Colquhoun,,,The Church’s Year | Christmas
parish-year/500.md,4,2,yes,Eighteenth Sunday After Trinity | Frank Colquhoun,The Trinity Season -> Trinity Season,,The Church’s Year | Trinity Season
parish-year/501.md,3,2,yes,Eighteenth Sunday After Trinity,The Trinity Season -> Trinity Season,,The Church’s Year | Trinity Season
parish-year/502.md,4,2,yes,Eighteenth Sunday After Trinity | Daily Prayer,The Trinity Season -> Trinity Season,,The Church’s Year | Trinity Season
parish-year/503.md,4,2,yes,Eighteenth Sunday After Trinity | Frank Colquhoun,The Trinity Season -> Trinity Season,,The Church’s Year | Trinity Season
parish-year/504.md,4,2,yes,Nineteenth Sunday After Trinity | C. J. Vaughan,The Trinity Season -> Trinity Season,,The Church’s Year | Trinity Season
parish-year/505.md,4,2,yes,Nineteenth Sunday After Trinity | Christina Rossetti,The Trinity Season -> Trinity Season,,The Church’s Year | Trinity Season
parish-year/506.md,4,2,yes,Nineteenth Sunday After Trinity | Based on Ephesians 4:30–32,The Trinity Season -> Trinity Season,,The Church’s Year | Trinity Season
parish-year/507.md,3,2,yes,Nineteenth Sunday After Trinity,The Trinity Season -> Trinity Season,,The Church’s Year | Trinity Season
parish-year/508.md,4,2,yes,Nineteenth Sunday After Trinity | Frank Colquhoun,The Trinity Season -> Trinity Season,,The Church’s Year | Trinity Season
parish-year/509.md,3,2,yes,Nineteenth Sunday After Trinity,The Trinity Season -> Trinity Season,,The Church’s Year | Trinity Season
parish-year/51.md,4,2,yes,J. R. W. Stott,A Christmas Carol Service -> Christmas,,The Church’s Year | Christmas
parish-year/510.md,4,2,yes,Twentieth Sunday After Trinity | Christina Rossetti,The Trinity Season -> Trinity Season,,The Church’s Year | Trinity Season
parish-year/511.md,4,2,yes,Twentieth Sunday After Trinity | E. M. Goulburn,The Trinity Season -> Trinity Season,,The Church’s Year | Trinity Season
parish-year/512.md,4,2,yes,Twentieth Sunday After Trinity | After Christina Rossetti,The Trinity Season -> Trinity Season,,The Church’s Year | Trinity Season
parish-year/513.md,4,2,yes,Twentieth Sunday After Trinity | Frank Colquhoun,The Trinity Season -> Trinity Season,,The Church’s Year | Trinity Season
parish-year/514.md,4,2,yes,Twentieth Sunday After Trinity | Euchologium Anglicanum,The Trinity Season -> Trinity Season,,The Church’s Year | Trinity Season
parish-year/515.md,4,2,yes,Twenty-First Sunday After Trinity | Leonine Sacramentary,The Trinity Season -> Trinity Season,,The Church’s Year | Trinity Season
parish-year/516.md,4,2,yes,Twenty-First Sunday After Trinity | Based on Ephesians 6:11–17,The Trinity Season -> Trinity Season,,The Church’s Year | Trinity Season
parish-year/517.md,4,2,yes,Twenty-First Sunday After Trinity | After George Wither (Daily Prayer),The Trinity Season -> Trinity Season,,The Church’s Year | Trinity Season
parish-year/518.md,4,2,yes,Twenty-First Sunday After Trinity | Frank Colquhoun,The Trinity Season -> Trinity Season,,The Church’s Year | Trinity Season
parish-year/519.md,3,2,yes,Twenty-Second Sunday After Trinity,The Trinity Season -> Trinity Season,,The Church’s Year | Trinity Season
parish-year/52.md,4,2,yes,Prayers for the Christian Year,A Christmas Carol Service -> Christmas,,The Church’s Year | Christmas
parish-year/520.md,4,2,yes,Twenty-Second Sunday After Trinity | Based on Philippians 1:9–11,The Trinity Season -> Trinity Season,,The Church’s Year | Trinity Season
parish-year/521.md,4,2,yes,Twenty-Second Sunday After Trinity | Adapted from Lancelot Andrewes (Daily Prayer),The Trinity Season -> Trinity Season,,The Church’s Year | Trinity Season
parish-year/522.md,4,2,yes,Twenty-Second Sunday After Trinity | Daily Prayer,The Trinity Season -> Trinity Season,,The Church’s Year | Trinity Season
parish-year/523.md,4,2,yes,Twenty-Second Sunday After Trinity | Church of South India,The Trinity Season -> Trinity Season,,The Church’s Year | Trinity Season
parish-year/524.md,4,2,yes,Twenty-Third Sunday After Trinity | Frank Colquhoun,The Trinity Season -> Trinity Season,,The Church’s Year | Trinity Season
parish-year/525.md,4,2,yes,Twenty-Third Sunday After Trinity | Daily Prayer,The Trinity Season -> Trinity Season,,The Church’s Year | Trinity Season
parish-year/526.md,4,2,yes,Twenty-Third Sunday After Trinity | L. E. H. Stephens-Hodge,The Trinity Season -> Trinity Season,,The Church’s Year | Trinity Season
parish-year/527.md,4,2,yes,Twenty-Third Sunday After Trinity | Leonine Sacramentary,The Trinity Season -> Trinity Season,,The Church’s Year | Trinity Season
parish-year/528.md,4,2,yes,Twenty-Fourth Sunday After Trinity | Based on Colossians 1:10–12,The Trinity Season -> Trinity Season,,The Church’s Year | Trinity Season
parish-year/529.md,4,2,yes,Twenty-Fourth Sunday After Trinity | After St. Augustine,The Trinity Season -> Trinity Season,,The Church’s Year | Trinity Season
parish-year/53.md,4,2,yes,"King’s College, Cambridge",A Christmas Carol Service -> Christmas,,The Church’s Year | Christmas
parish-year/530.md,4,2,yes,Twenty-Fourth Sunday After Trinity | Frank Colquhoun,The Trinity Season -> Trinity Season,,The Church’s Year | Trinity Season
parish-year/531.md,4,2,yes,Twenty-Fourth Sunday After Trinity | L. E. H. Stephens-Hodge,The Trinity Season -> Trinity Season,,The Church’s Year | Trinity Season
parish-year/532.md,4,3,yes,L. E. H. Stephens-Hodge,The Trinity Season -> Trinity Season | Sunday Next Before Advent (Trinity Xxv) -> Advent,,The Church’s Year | Trinity Season | Advent
parish-year/533.md,3,3,yes,,The Trinity Season -> Trinity Season | Sunday Next Before Advent (Trinity Xxv) -> Advent,,The Church’s Year | Trinity Season | Advent
parish-year/534.md,4,3,yes,Henry Alford,The Trinity Season -> Trinity Season | Sunday Next Before Advent (Trinity Xxv) -> Advent,,The Church’s Year | Trinity Season | Advent
parish-year/535.md,4,3,yes,The Daily Service,The Trinity Season -> Trinity Season | Sunday Next Before Advent (Trinity Xxv) -> Advent,,The Church’s Year | Trinity Season | Advent
parish-year/536.md,3,3,yes,,The Trinity Season -> Trinity Season | Sunday Next Before Advent (Trinity Xxv) -> Advent,,The Church’s Year | Trinity Season | Advent
parish-year/537.md,4,3,yes,Lutheran Church,The Trinity Season -> Trinity Season | Sunday Next Before Advent (Trinity Xxv) -> Advent,,The Church’s Year | Trinity Season | Advent
parish-year/538.md,3,2,yes,Prayers for the Christian Year,Saints’ Days and Holy Days -> Other Feasts,,The Church’s Year | Other Feasts
parish-year/539.md,2,2,yes,,Saints’ Days and Holy Days -> Other Feasts,,The Church’s Year | Other Feasts
parish-year/54.md,4,2,yes,Liturgy of the Catholic Apostolic Church,A Christmas Carol Service -> Christmas,,The Church’s Year | Christmas
parish-year/540.md,2,2,yes,,Saints’ Days and Holy Days -> Other Feasts,,The Church’s Year | Other Feasts
parish-year/541.md,3,2,yes,C.I.P.B.C. Prayer Book,Saints’ Days and Holy Days -> Other Feasts,,The Church’s Year | Other Feasts
parish-year/542.md,3,2,yes,Frank Colquhoun,Saints’ Days and Holy Days -> Other Feasts,,The Church’s Year | Other Feasts
parish-year/543.md,2,2,yes,,Saints’ Days and Holy Days -> Other Feasts,,The Church’s Year | Other Feasts
parish-year/544.md,2,2,yes,,Saints’ Days and Holy Days -> Other Feasts,,The Church’s Year | Other Feasts
parish-year/545.md,3,2,yes,Frank Colquhoun,Saints’ Days and Holy Days -> Other Feasts,,The Church’s Year | Other Feasts
parish-year/546.md,2,2,yes,,Saints’ Days and Holy Days -> Other Feasts,,The Church’s Year | Other Feasts
parish-year/547.md,2,2,yes,,Saints’ Days and Holy Days -> Other Feasts,,The Church’s Year | Other Feasts
parish-year/548.md,3,2,yes,Church of South India,Saints’ Days and Holy Days -> Other Feasts,,The Church’s Year | Other Feasts
parish-year/549.md,3,2,yes,"The Missionary Conference, 1894",Saints’ Days and Holy Days -> Other Feasts,,The Church’s Year | Other Feasts
parish-year/55.md,4,2,yes,Mozarabic Sacramentary,A Christmas Carol Service -> Christmas,,The Church’s Year | Christmas
parish-year/550.md,3,2,yes,Church of South India,Saints’ Days and Holy Days -> Other Feasts,,The Church’s Year | Other Feasts
parish-year/551.md,2,2,yes,,Saints’ Days and Holy Days -> Other Feasts,,The Church’s Year | Other Feasts
parish-year/552.md,3,2,yes,Frank Colquhoun,Saints’ Days and Holy Days -> Other Feasts,,The Church’s Year | Other Feasts
parish-year/553.md,3,2,yes,Richard D. Acland,Saints’ Days and Holy Days -> Other Feasts,,The Church’s Year | Other Feasts
parish-year/554.md,3,2,yes,Gregorian Sacramentary,Saints’ Days and Holy Days -> Other Feasts,,The Church’s Year | Other Feasts
parish-year/555.md,3,2,yes,William Bright,Saints’ Days and Holy Days -> Other Feasts,,The Church’s Year | Other Feasts
parish-year/556.md,2,2,yes,,Saints’ Days and Holy Days -> Other Feasts,,The Church’s Year | Other Feasts
parish-year/557.md,3,2,yes,Frank Colquhoun,Saints’ Days and Holy Days -> Other Feasts,,The Church’s Year | Other Feasts
parish-year/558.md,3,2,yes,Richard D. Acland,Saints’ Days and Holy Days -> Other Feasts,,The Church’s Year | Other Feasts
parish-year/559.md,3,2,yes,Frank Colquhoun,Saints’ Days and Holy Days -> Other Feasts,,The Church’s Year | Other Feasts
parish-year/56.md,4,2,yes,James M. Todd,A Christmas Carol Service -> Christmas,,The Church’s Year | Christmas
parish-year/560.md,3,2,yes,Erasmus,Saints’ Days and Holy Days -> Other Feasts,,The Church’s Year | Other Feasts
parish-year/561.md,3,2,yes,Frank Colquhoun,Saints’ Days and Holy Days -> Other Feasts,,The Church’s Year | Other Feasts
parish-year/562.md,3,2,yes,Richard D. Acland,Saints’ Days and Holy Days -> Other Feasts,,The Church’s Year | Other Feasts
parish-year/563.md,2,2,yes,,Saints’ Days and Holy Days -> Other Feasts,,The Church’s Year | Other Feasts
parish-year/564.md,3,2,yes,Harold Riley,Saints’ Days and Holy Days -> Other Feasts,,The Church’s Year | Other Feasts
parish-year/565.md,3,2,yes,Church of South India,Saints’ Days and Holy Days -> Other Feasts,,The Church’s Year | Other Feasts
parish-year/566.md,3,2,yes,"The Missionary Conference, 1894",Saints’ Days and Holy Days -> Other Feasts,,The Church’s Year | Other Feasts
parish-year/567.md,3,2,yes,Frank Colquhoun,Saints’ Days and Holy Days -> Other Feasts,,The Church’s Year | Other Feasts
parish-year/568.md,3,2,yes,W. E. Orchard,Saints’ Days and Holy Days -> Other Feasts,,The Church’s Year | Other Feasts
parish-year/569.md,3,2,yes,Frank Colquhoun,Saints’ Days and Holy Days -> Other Feasts,,The Church’s Year | Other Feasts
parish-year/57.md,4,2,yes,After the Third Collect,The Christmas Crib -> Christmas,,The Church’s Year | Christmas
parish-year/570.md,3,2,yes,Richard D. Acland,Saints’ Days and Holy Days -> Other Feasts,,The Church’s Year | Other Feasts
parish-year/571.md,3,2,yes,Scottish Prayer Book,Saints’ Days and Holy Days -> Other Feasts,,The Church’s Year | Other Feasts
parish-year/572.md,3,2,yes,Canadian Prayer Book,Saints’ Days and Holy Days -> Other Feasts,,The Church’s Year | Other Feasts
parish-year/573.md,3,2,yes,L. E. H. Stephens-Hodge,Saints’ Days and Holy Days -> Other Feasts,,The Church’s Year | Other Feasts
parish-year/574.md,3,2,yes,L. E. H. Stephens-Hodge,Saints’ Days and Holy Days -> Other Feasts,,The Church’s Year | Other Feasts
parish-year/575.md,3,2,yes,Frank Colquhoun,Saints’ Days and Holy Days -> Other Feasts,,The Church’s Year | Other Feasts
parish-year/576.md,3,2,yes,Frank Colquhoun,Saints’ Days and Holy Days -> Other Feasts,,The Church’s Year | Other Feasts
parish-year/577.md,3,2,yes,Mozarabic Sacramentary,Saints’ Days and Holy Days -> Other Feasts,,The Church’s Year | Other Feasts
parish-year/578.md,2,2,yes,,Saints’ Days and Holy Days -> Other Feasts,,The Church’s Year | Other Feasts
parish-year/579.md,3,2,yes,American Prayer Book,Saints’ Days and Holy Days -> Other Feasts,,The Church’s Year | Other Feasts
parish-year/58.md,3,2,yes,,The Christmas Crib -> Christmas,,The Church’s Year | Christmas
parish-year/580.md,2,2,yes,,Saints’ Days and Holy Days -> Other Feasts,,The Church’s Year | Other Feasts
parish-year/581.md,3,2,yes,Frank Colquhoun,Saints’ Days and Holy Days -> Other Feasts,,The Church’s Year | Other Feasts
parish-year/582.md,3,2,yes,American Prayer Book,Saints’ Days and Holy Days -> Other Feasts,,The Church’s Year | Other Feasts
parish-year/583.md,3,2,yes,George Appleton,Saints’ Days and Holy Days -> Other Feasts,,The Church’s Year | Other Feasts
parish-year/584.md,3,2,yes,Fellowship Litanies,Saints’ Days and Holy Days -> Other Feasts,,The Church’s Year | Other Feasts
parish-year/585.md,3,2,yes,Frank Colquhoun,Saints’ Days and Holy Days -> Other Feasts,,The Church’s Year | Other Feasts
parish-year/586.md,3,2,yes,Prayers for the Christian Year,Saints’ Days and Holy Days -> Other Feasts,,The Church’s Year | Other Feasts
parish-year/587.md,3,2,yes,Scottish Prayer Book,Saints’ Days and Holy Days -> Other Feasts,,The Church’s Year | Other Feasts
parish-year/588.md,3,2,yes,"Anglican Altar Services, 1941",Saints’ Days and Holy Days -> Other Feasts,,The Church’s Year | Other Feasts
parish-year/589.md,2,2,yes,,Saints’ Days and Holy Days -> Other Feasts,,The Church’s Year | Other Feasts
parish-year/59.md,4,2,yes,After the Third Collect,The Christmas Crib -> Christmas,,The Church’s Year | Christmas
parish-year/590.md,3,2,yes,W. H. Frere,Saints’ Days and Holy Days -> Other Feasts,,The Church’s Year | Other Feasts
parish-year/591.md,3,2,yes,"Anglican Altar Services, 1941",Saints’ Days and Holy Days -> Other Feasts,,The Church’s Year | Other Feasts
parish-year/592.md,3,2,yes,"Anglican Altar Services, 1941",Saints’ Days and Holy Days -> Other Feasts,,The Church’s Year | Other Feasts
parish-year/593.md,3,2,yes,Country Services,Lesser Feasts -> Other Feasts,,The Church’s Year | Other Feasts
parish-year/594.md,2,2,yes,,Lesser Feasts -> Other Feasts,,The Church’s Year | Other Feasts
parish-year/595.md,2,2,yes,,Lesser Feasts -> Other Feasts,,The Church’s Year | Other Feasts
parish-year/596.md,3,2,yes,Irish Prayer Book,Lesser Feasts -> Other Feasts,,The Church’s Year | Other Feasts
parish-year/597.md,2,2,yes,,Lesser Feasts -> Other Feasts,,The Church’s Year | Other Feasts
parish-year/598.md,3,2,yes,John Wordsworth,Lesser Feasts -> Other Feasts,,The Church’s Year | Other Feasts
parish-year/599.md,2,2,yes,,Lesser Feasts -> Other Feasts,,The Church’s Year | Other Feasts
parish-year/6.md,4,2,yes,General Prayers | H. Stobat,,,The Church’s Year | Advent
parish-year/60.md,3,2,yes,,The Christmas Crib -> Christmas,,The Church’s Year | Christmas
parish-year/600.md,3,2,yes,W. E. Orchard,Lesser Feasts -> Other Feasts,,The Church’s Year | Other Feasts
parish-year/601.md,3,2,yes,W. H. Frere,Lesser Feasts -> Other Feasts,,The Church’s Year | Other Feasts
parish-year/602.md,3,2,yes,Country Services,Lesser Feasts -> Other Feasts,,The Church’s Year | Other Feasts
parish-year/603.md,3,2,yes,Lutheran Church,Lesser Feasts -> Other Feasts,,The Church’s Year | Other Feasts
parish-year/604.md,3,2,yes,John Wordsworth,Lesser Feasts -> Other Feasts,,The Church’s Year | Other Feasts
parish-year/605.md,3,2,yes,Prayers for the Christian Year,Lesser Feasts -> Other Feasts,,The Church’s Year | Other Feasts
parish-year/606.md,3,2,yes,John Hunter,Lesser Feasts -> Other Feasts,,The Church’s Year | Other Feasts
parish-year/607.md,2,2,yes,,Lesser Feasts -> Other Feasts,,The Church’s Year | Other Feasts
parish-year/608.md,3,2,yes,Scottish Prayer Book,Lesser Feasts -> Other Feasts,,The Church’s Year | Other Feasts
parish-year/609.md,3,2,yes,Gothic Missal,Lesser Feasts -> Other Feasts,,The Church’s Year | Other Feasts
parish-year/61.md,4,2,yes,Gelasian Sacramentary,Christmas Eve -> Christmas,,The Church’s Year | Christmas
parish-year/610.md,3,2,yes,Oxford Diocesan Service Book,Lesser Feasts -> Other Feasts,,The Church’s Year | Other Feasts
parish-year/611.md,3,2,yes,E. W. Benson,In the Ember Weeks -> Other Feasts,,The Church’s Year | Other Feasts
parish-year/612.md,3,2,yes,R. M. Benson,In the Ember Weeks -> Other Feasts,,The Church’s Year | Other Feasts
parish-year/613.md,2,2,yes,,In the Ember Weeks -> Other Feasts,,The Church’s Year | Other Feasts
parish-year/614.md,2,2,yes,,In the Ember Weeks -> Other Feasts,,The Church’s Year | Other Feasts
parish-year/615.md,3,2,yes,American Prayer Book,In the Ember Weeks -> Other Feasts,,The Church’s Year | Other Feasts
parish-year/616.md,3,2,yes,A.C.C.M.,In the Ember Weeks -> Other Feasts,,The Church’s Year | Other Feasts
parish-year/617.md,3,2,yes,American Prayer Book,In the Ember Weeks -> Other Feasts,,The Church’s Year | Other Feasts
parish-year/618.md,3,2,yes,South African Prayer Book,In the Ember Weeks -> Other Feasts,,The Church’s Year | Other Feasts
parish-year/619.md,3,2,yes,Prayers of the World-Wide Church,In the Ember Weeks -> Other Feasts,,The Church’s Year | Other Feasts
parish-year/62.md,4,2,yes,Gelasian Sacramentary,Christmas Eve -> Christmas,,The Church’s Year | Christmas
parish-year/620.md,3,2,yes,Henry P. Liddon,In the Ember Weeks -> Other Feasts,,The Church’s Year | Other Feasts
parish-year/621.md,2,2,yes,,In the Ember Weeks -> Other Feasts,,The Church’s Year | Other Feasts
parish-year/622.md,2,2,yes,,In the Ember Weeks -> Other Feasts,,The Church’s Year | Other Feasts
parish-year/623.md,3,2,yes,Frank Colquhoun,In the Ember Weeks -> Other Feasts,,The Church’s Year | Other Feasts
parish-year/624.md,3,2,yes,Emil E. Fischer,In the Ember Weeks -> Other Feasts,,The Church’s Year | Other Feasts
parish-year/625.md,3,2,yes,Ashton Oxenden,In the Ember Weeks -> Other Feasts,,The Church’s Year | Other Feasts
parish-year/626.md,3,2,yes,Henry P. Liddon,In the Ember Weeks -> Other Feasts,,The Church’s Year | Other Feasts
parish-year/627.md,3,2,yes,Church of South India,In the Ember Weeks -> Other Feasts,,The Church’s Year | Other Feasts
parish-year/628.md,3,2,yes,Peter Green,In the Ember Weeks -> Other Feasts,,The Church’s Year | Other Feasts
parish-year/629.md,3,2,yes,Peter Green,In the Ember Weeks -> Other Feasts,,The Church’s Year | Other Feasts
parish-year/63.md,4,2,yes,Church of South India,Christmas Eve -> Christmas,,The Church’s Year | Christmas
parish-year/630.md,3,2,yes,J. Armitage Robinson,In the Ember Weeks -> Other Feasts,,The Church’s Year | Other Feasts
parish-year/631.md,2,2,yes,,In the Ember Weeks -> Other Feasts,,The Church’s Year | Other Feasts
parish-year/632.md,3,2,yes,From the Litany,In the Ember Weeks -> Other Feasts,,The Church’s Year | Other Feasts
parish-year/633.md,3,2,yes,"Book of Offices, Methodist Church",In the Ember Weeks -> Other Feasts,,The Church’s Year | Other Feasts
parish-year/634.md,2,2,yes,,In the Ember Weeks -> Other Feasts,,The Church’s Year | Other Feasts
parish-year/635.md,3,2,yes,Adapted from Liturgy of St. James,In the Ember Weeks -> Other Feasts,,The Church’s Year | Other Feasts
parish-year/636.md,2,2,yes,,In the Ember Weeks -> Other Feasts,,The Church’s Year | Other Feasts
parish-year/637.md,3,2,yes,Peter Green,In the Ember Weeks -> Other Feasts,,The Church’s Year | Other Feasts
parish-year/638.md,3,2,yes,Peter Green,In the Ember Weeks -> Other Feasts,,The Church’s Year | Other Feasts
parish-year/639.md,3,2,yes,Prayer of the Order,In the Ember Weeks -> Other Feasts,,The Church’s Year | Other Feasts
parish-year/64.md,3,2,yes,,Christmas Eve -> Christmas,,The Church’s Year | Christmas
parish-year/640.md,2,2,yes,,In the Ember Weeks -> Other Feasts,,The Church’s Year | Other Feasts
parish-year/641.md,2,2,yes,,In the Ember Weeks -> Other Feasts,,The Church’s Year | Other Feasts
parish-year/65.md,4,2,yes,William Temple,Christmas Eve -> Christmas,,The Church’s Year | Christmas
parish-year/66.md,4,2,yes,Prayers for the Christian Year,Christmas Eve -> Christmas,,The Church’s Year | Christmas
parish-year/67.md,4,2,yes,Prayers for the Christian Year,Christmas Eve -> Christmas,,The Church’s Year | Christmas
parish-year/68.md,4,2,yes,Luke 2:15; Isaiah 9:6,Christmas Day -> Christmas,,The Church’s Year | Christmas
parish-year/69.md,4,2,yes,Thomas Ken,Christmas Day -> Christmas,,The Church’s Year | Christmas
parish-year/7.md,4,2,yes,General Prayers | W. E. Scudamore,,,The Church’s Year | Advent
parish-year/70.md,4,2,yes,Book of Common Order,Christmas Day -> Christmas,,The Church’s Year | Christmas
parish-year/71.md,4,2,yes,James Ferguson,Christmas Day -> Christmas,,The Church’s Year | Christmas
parish-year/72.md,4,2,yes,William Knight,Christmas Day -> Christmas,,The Church’s Year | Christmas
parish-year/73.md,4,2,yes,Hugh Martin,Christmas Day -> Christmas,,The Church’s Year | Christmas
parish-year/74.md,3,2,yes,,Christmas Day -> Christmas,,The Church’s Year | Christmas
parish-year/75.md,4,2,yes,Prayers for the Christian Year,Christmas Day -> Christmas,,The Church’s Year | Christmas
parish-year/76.md,4,2,yes,Prayers for the Christian Year,Christmas Day -> Christmas,,The Church’s Year | Christmas
parish-year/77.md,3,2,yes,,Sunday After Christmas -> Christmas,,The Church’s Year | Christmas
parish-year/78.md,3,2,yes,,Sunday After Christmas -> Christmas,,The Church’s Year | Christmas
parish-year/79.md,3,2,yes,,Sunday After Christmas -> Christmas,,The Church’s Year | Christmas
parish-year/8.md,4,2,yes,General Prayers | Richard Baxter,,,The Church’s Year | Advent
parish-year/80.md,3,2,yes,,Sunday After Christmas -> Christmas,,The Church’s Year | Christmas
parish-year/81.md,4,2,yes,Scottish Prayer Book,Sunday After Christmas -> Christmas,,The Church’s Year | Christmas
parish-year/82.md,4,2,yes,The Circumcision | Scottish Prayer Book,,,The Church’s Year | Christmas
parish-year/83.md,4,2,yes,The Circumcision | Irish Prayer Book,,,The Church’s Year | Christmas
parish-year/84.md,4,2,yes,The Circumcision | Sarum Missal,,,The Church’s Year | Christmas
parish-year/85.md,3,2,yes,The Circumcision,,,The Church’s Year | Christmas
parish-year/86.md,3,2,yes,The Circumcision,,,The Church’s Year | Christmas
parish-year/87.md,3,2,yes,The Circumcision,,,The Church’s Year | Christmas
parish-year/88.md,4,2,yes,The Circumcision | W. E. Orchard,,,The Church’s Year | Christmas
parish-year/89.md,4,2,yes,The Circumcision | Irish Prayer Book,,,The Church’s Year | Christmas
parish-year/9.md,4,2,yes,General Prayers | Non-Jurors’ Prayer Book,,,The Church’s Year | Advent
parish-year/90.md,4,2,yes,The Circumcision | Mozarabic Sacramentary,,,The Church’s Year | Christmas
parish-year/91.md,4,2,yes,The Circumcision | Frank Colquhoun,,,The Church’s Year | Christmas
parish-year/92.md,4,2,yes,The Epiphany | Gelasian Sacramentary,,,The Church’s Year | Epiphany
parish-year/93.md,4,2,yes,The Epiphany | Edward Hawkins,,,The Church’s Year | Epiphany
parish-year/94.md,4,2,yes,The Epiphany | James Ferguson,,,The Church’s Year | Epiphany
parish-year/95.md,4,2,yes,The Epiphany | Book of Common Order,,,The Church’s Year | Epiphany
parish-year/96.md,4,2,yes,The Epiphany | James M. Todd,,,The Church’s Year | Epiphany
parish-year/97.md,4,2,yes,The Epiphany | Prayers for the Christian Year,,,The Church’s Year | Epiphany
parish-year/98.md,4,2,yes,The Epiphany | After Mozarabic Sacramentary,,,The Church’s Year | Epiphany
parish-year/99.md,4,2,yes,The Epiphany | Gregorian Sacramentary,,,The Church’s Year | Epiphany
potec/1.md,2,0,yes,First Century Prayers | New Testament Prayers,,,
potec/10.md,3,1,yes,First Century Prayers | New Testament Prayers,,,Those in Need
potec/100.md,3,1,yes,Fourth Century Prayers | Apostolic Constitutions,,,Family and Personal Life (Throughout the Day)
potec/101.md,3,1,yes,Fourth Century Prayers | Apostolic Constitutions,,,Family and Personal Life (Throughout the Day)
potec/102.md,3,1,yes,Fourth Century Prayers | Apostolic Constitutions,,,Thanksgivings
potec/103.md,3,1,yes,Fourth Century Prayers | Apostolic Constitutions,,,Thanksgivings
potec/104.md,3,1,yes,Fourth Century Prayers | Apostolic Constitutions,,,Personal Devotion
potec/105.md,3,1,yes,Fourth Century Prayers | Apostolic Constitutions,,,The Church
potec/106.md,3,1,yes,Fourth Century Prayers | Apostolic Constitutions,,,At Times of Prayer and Worship
potec/107.md,3,1,yes,Fourth Century Prayers | Apostolic Constitutions,,,At Times of Prayer and Worship
potec/108.md,3,1,yes,Fourth Century Prayers | Apostolic Constitutions,,,At Times of Prayer and Worship
potec/109.md,3,1,yes,Fifth Century Prayers | Liturgy of the Nestorians,,,Family and Personal Life
potec/11.md,3,1,yes,First Century Prayers | New Testament Prayers,,,Personal Devotion
potec/110.md,3,1,yes,Fifth Century Prayers | Confessions,,,General and Concluding Prayers
potec/111.md,2,1,yes,Fifth Century Prayers,,,Thanksgivings
potec/112.md,2,1,yes,Fifth Century Prayers,,,Family and Personal Life
potec/113.md,2,1,yes,Fifth Century Prayers,,,The Church
potec/114.md,3,1,yes,Fifth Century Prayers | Leonine Sacramentary,,,Family and Personal Life
potec/115.md,3,1,yes,Fifth Century Prayers | Leonine Sacramentary,,,Family and Personal Life
potec/116.md,3,1,yes,Fifth Century Prayers | Leonine Sacramentary,,,Family and Personal Life
potec/117.md,3,1,yes,Fifth Century Prayers | Leonine Sacramentary,,,Family and Personal Life
potec/118.md,3,1,yes,Fifth Century Prayers | Leonine Sacramentary,,,The Nation
potec/119.md,3,1,yes,Fifth Century Prayers | Leonine Sacramentary,,,Family and Personal Life
potec/12.md,3,1,yes,First Century Prayers | New Testament Prayers,,,Those in Need
potec/120.md,3,1,yes,Fifth Century Prayers | Leonine Sacramentary,,,Family and Personal Life
potec/121.md,3,1,yes,Fifth Century Prayers | Leonine Sacramentary,,,Family and Personal Life
potec/122.md,3,1,yes,Fifth Century Prayers | Leonine Sacramentary,,,The Church
potec/123.md,3,1,yes,Fifth Century Prayers | Leonine Sacramentary,,,Family and Personal Life
potec/124.md,3,1,yes,Fifth Century Prayers | Leonine Sacramentary,,,Family and Personal Life
potec/125.md,2,1,yes,Fifth Century Prayers,,,Those in Need
potec/126.md,2,1,yes,Fifth Century Prayers,,,Family and Personal Life (Throughout the Day)
potec/127.md,3,1,yes,Fifth Century Prayers | Gelasian Sacramentary,,,Those in Need
potec/128.md,3,1,yes,Fifth Century Prayers | Gelasian Sacramentary,,,Those in Need
potec/129.md,3,1,yes,Fifth Century Prayers | Gelasian Sacramentary,,,Family and Personal Life
potec/13.md,2,0,yes,First Century Prayers | New Testament Prayers,,,
potec/130.md,3,1,yes,Fifth Century Prayers | Gelasian Sacramentary,,,Family and Personal Life
potec/131.md,3,1,yes,Fifth Century Prayers | Gelasian Sacramentary,,,Family and Personal Life
potec/132.md,3,1,yes,Fifth Century Prayers | Gelasian Sacramentary,,,Family and Personal Life
potec/133.md,3,1,yes,Fifth Century Prayers | Gelasian Sacramentary,,,Family and Personal Life
potec/134.md,3,1,yes,Fifth Century Prayers | Gelasian Sacramentary,,,Family and Personal Life
potec/135.md,3,1,yes,Fifth Century Prayers | Gelasian Sacramentary,,,At Times of Prayer and Worship
potec/136.md,3,1,yes,Fifth Century Prayers | Gelasian Sacramentary,,,Those in Need
potec/137.md,3,1,yes,Fifth Century Prayers | Gelasian Sacramentary,,,General and Concluding Prayers
potec/138.md,3,1,yes,Fifth Century Prayers | Gelasian Sacramentary,,,Family and Personal Life
potec/139.md,3,1,yes,Fifth Century Prayers | Gelasian Sacramentary,,,Family and Personal Life
potec/14.md,3,1,yes,First Century Prayers | Clement of Rome,,,The Nation
potec/140.md,3,1,yes,Fifth Century Prayers | Gelasian Sacramentary,,,Family and Personal Life
potec/141.md,4,1,yes,Fifth Century Prayers | Gelasian Sacramentary | Confessions,,,General and Concluding Prayers
potec/142.md,3,1,yes,Fifth Century Prayers | Gelasian Sacramentary,,,Family and Personal Life
potec/143.md,3,1,yes,Fifth Century Prayers | Gelasian Sacramentary,,,Family and Personal Life
potec/144.md,3,1,yes,Fifth Century Prayers | Gelasian Sacramentary,,,General and Concluding Prayers
potec/145.md,3,1,yes,Fifth Century Prayers | Gelasian Sacramentary,,,Family and Personal Life
potec/146.md,3,1,yes,Fifth Century Prayers | Gelasian Sacramentary,,,The Church
potec/147.md,3,1,yes,Fifth Century Prayers | Liturgy of the Blessed Apostles,,,Family and Personal Life
potec/148.md,3,1,yes,Fifth Century Prayers | Liturgy of the Blessed Apostles,,,Family and Personal Life
potec/15.md,3,1,yes,First Century Prayers | Syrian Clementine Liturgy,,,Family and Personal Life (Throughout the Day)
potec/16.md,3,1,yes,First Century Prayers | Clement of Rome,,,The Nation
potec/17.md,3,1,yes,First Century Prayers | Clement of Rome,,,Family and Personal Life
potec/18.md,3,1,yes,First Century Prayers | Clement of Rome,,,Family and Personal Life
potec/19.md,3,1,yes,First Century Prayers | The Clementine Liturgy,,,At Times of Prayer and Worship
potec/2.md,2,0,yes,First Century Prayers | New Testament Prayers,,,
potec/20.md,3,1,yes,First Century Prayers | The Clementine Liturgy,,,Personal Devotion
potec/21.md,3,1,yes,First Century Prayers | The Clementine Liturgy,,,Personal Devotion
potec/22.md,3,1,yes,Second Century Prayers | Polycarp,,,Family and Personal Life
potec/23.md,3,1,yes,Second Century Prayers | Polycarp,,,Personal Devotion
potec/24.md,3,1,yes,Second Century Prayers | Ignatius,,,Personal Devotion
potec/25.md,4,1,yes,Second Century Prayers | Liturgy of St. James | Confessions,,,Family and Personal Life
potec/26.md,3,1,yes,Second Century Prayers | Liturgy of St. James,,,Personal Devotion
potec/27.md,3,1,yes,Second Century Prayers | Liturgy of St. James,,,Family and Personal Life
potec/28.md,3,1,yes,Second Century Prayers | Liturgy of St. James,,,Family and Personal Life
potec/29.md,3,1,yes,Second Century Prayers | Barnabas,,,Personal Devotion
potec/3.md,2,0,yes,First Century Prayers | New Testament Prayers,,,
potec/30.md,3,1,yes,Second Century Prayers | Barnabas,,,Family and Personal Life
potec/31.md,3,1,yes,Second Century Prayers | Clement of Alexandria,,,General and Concluding Prayers
potec/32.md,3,1,yes,Second Century Prayers | Irenaeus,,,Family and Personal Life
potec/33.md,3,1,yes,Third Century Prayers | Liturgy of St. Mark,,,Family and Personal Life
potec/34.md,3,1,yes,Third Century Prayers | Liturgy of St. Mark,,,Family and Personal Life
potec/35.md,3,1,yes,Third Century Prayers | Liturgy of St. Mark,,,The Church
potec/36.md,3,1,yes,Third Century Prayers | Liturgy of St. Mark,,,At Times of Prayer and Worship
potec/37.md,3,1,yes,Third Century Prayers | Liturgy of St. Mark,,,Family and Personal Life
potec/38.md,3,1,yes,Third Century Prayers | Liturgy of St. Mark,,,The Church
potec/39.md,3,1,yes,Third Century Prayers | Liturgy of St. Mark,,,Family and Personal Life (Throughout the Day)
potec/4.md,2,0,yes,First Century Prayers | New Testament Prayers,,,
potec/40.md,3,1,yes,Third Century Prayers | Liturgy of St. Mark,,,Thanksgivings
potec/41.md,3,1,yes,Third Century Prayers | Old Gallican Sacramentary,,,Family and Personal Life
potec/42.md,3,1,yes,Third Century Prayers | Old Gallican Sacramentary,,,Family and Personal Life
potec/43.md,3,1,yes,Third Century Prayers | Old Gallican Sacramentary,,,Family and Personal Life (Throughout the Day)
potec/44.md,3,2,yes,Third Century Prayers,The Eastern Church -> Easter,,Easter | Family and Personal Life (Throughout the Day)
potec/45.md,3,2,yes,Third Century Prayers,The Eastern Church -> Easter,,Easter | Family and Personal Life (Throughout the Day)
potec/46.md,3,2,yes,Third Century Prayers,The Eastern Church -> Easter,,Easter | The Church
potec/47.md,3,2,yes,Third Century Prayers,The Eastern Church -> Easter,,Easter | Family and Personal Life
potec/48.md,3,1,yes,Fourth Century Prayers | Coptic Liturgy of St. Cyril,,,Family and Personal Life
potec/49.md,3,1,yes,Fourth Century Prayers | Ambrose,,,Family and Personal Life
potec/5.md,2,0,yes,First Century Prayers | New Testament Prayers,,,
potec/50.md,4,1,yes,Fourth Century Prayers | Ambrose | Confessions,,,Personal Devotion
potec/51.md,3,1,yes,Fourth Century Prayers | Ambrose,,,The Church
potec/52.md,3,1,yes,Fourth Century Prayers | Ambrose,,,Family and Personal Life
potec/53.md,3,1,yes,Fourth Century Prayers | Ambrose,,,Personal Devotion
potec/54.md,4,1,yes,Fourth Century Prayers | Ambrose | Confessions,,,General and Concluding Prayers
potec/55.md,3,1,yes,Fourth Century Prayers | Nerses of Clajes,,,Family and Personal Life
potec/56.md,4,1,yes,Fourth Century Prayers | Nerses of Clajes | Confessions,,,General and Concluding Prayers
potec/57.md,3,1,yes,Fourth Century Prayers | Nerses of Clajes,,,Family and Personal Life
potec/58.md,3,1,yes,Fourth Century Prayers | Gallican Sacramentary,,,Family and Personal Life
potec/59.md,3,1,yes,Fourth Century Prayers | Armenian Liturgy,,,At Times of Prayer and Worship
potec/6.md,2,0,yes,First Century Prayers | New Testament Prayers,,,
potec/60.md,3,1,yes,Fourth Century Prayers | Basil,,,Family and Personal Life
potec/61.md,3,1,yes,Fourth Century Prayers | Basil,,,The Church
potec/62.md,3,1,yes,Fourth Century Prayers | Basil,,,Family and Personal Life
potec/63.md,3,1,yes,Fourth Century Prayers | John Chrysostom,,,Family and Personal Life
potec/64.md,3,1,yes,Fourth Century Prayers | John Chrysostom,,,Social Order
potec/65.md,3,1,yes,Fourth Century Prayers | John Chrysostom,,,General and Concluding Prayers
potec/66.md,3,1,yes,Fourth Century Prayers | Augustine,,,Personal Devotion
potec/67.md,3,1,yes,Fourth Century Prayers | Augustine,,,Personal Devotion
potec/68.md,3,1,yes,Fourth Century Prayers | Augustine,,,Personal Devotion
potec/69.md,3,1,yes,Fourth Century Prayers | Augustine,,,Personal Devotion
potec/7.md,2,0,yes,First Century Prayers | New Testament Prayers,,,
potec/70.md,3,1,yes,Fourth Century Prayers | Augustine,,,Personal Devotion
potec/71.md,3,1,yes,Fourth Century Prayers | Augustine,,,Personal Devotion
potec/72.md,3,1,yes,Fourth Century Prayers | Augustine,,,Personal Devotion
potec/73.md,3,1,yes,Fourth Century Prayers | Augustine,,,Personal Devotion
potec/74.md,3,1,yes,Fourth Century Prayers | Augustine,,,Personal Devotion
potec/75.md,3,1,yes,Fourth Century Prayers | Augustine,,,Personal Devotion
potec/76.md,3,1,yes,Fourth Century Prayers | Augustine,,,Personal Devotion
potec/77.md,3,1,yes,Fourth Century Prayers | Augustine,,,Personal Devotion
potec/78.md,3,1,yes,Fourth Century Prayers | Augustine,,,Family and Personal Life
potec/79.md,3,1,yes,Fourth Century Prayers | Augustine,,,Family and Personal Life
potec/8.md,3,1,yes,First Century Prayers | New Testament Prayers,,,Family and Personal Life
potec/80.md,3,1,yes,Fourth Century Prayers | Augustine,,,Personal Devotion
potec/81.md,3,1,yes,Fourth Century Prayers | Augustine,,,Personal Devotion
potec/82.md,3,1,yes,Fourth Century Prayers | Augustine,,,Personal Devotion
potec/83.md,3,1,yes,Fourth Century Prayers | Augustine,,,Family and Personal Life
potec/84.md,3,1,yes,Fourth Century Prayers | Augustine,,,Personal Devotion
potec/85.md,3,1,yes,Fourth Century Prayers | Augustine,,,Family and Personal Life
potec/86.md,3,1,yes,Fourth Century Prayers | Augustine,,,General and Concluding Prayers
potec/87.md,3,1,yes,Fourth Century Prayers | Augustine,,,Family and Personal Life
potec/88.md,3,1,yes,Fourth Century Prayers | Augustine,,,Family and Personal Life
potec/89.md,3,1,yes,Fourth Century Prayers | Augustine,,,Family and Personal Life (Throughout the Day)
potec/9.md,2,0,yes,First Century Prayers | New Testament Prayers,,,
potec/90.md,3,1,yes,Fourth Century Prayers | Augustine,,,Personal Devotion
potec/91.md,3,1,yes,Fourth Century Prayers | Augustine,,,Personal Devotion
potec/92.md,3,1,yes,Fourth Century Prayers | Augustine,,,Personal Devotion
potec/93.md,3,1,yes,Fourth Century Prayers | Augustine,,,Family and Personal Life
potec/94.md,3,1,yes,Fourth Century Prayers | Augustine,,,Personal Devotion
potec/95.md,3,1,yes,Fourth Century Prayers | Apostolic Constitutions,,,Family and Personal Life (Throughout the Day)
potec/96.md,3,1,yes,Fourth Century Prayers | Apostolic Constitutions,,,Thanksgivings
potec/97.md,3,1,yes,Fourth Century Prayers | Apostolic Constitutions,,,Family and Personal Life (Throughout the Day)
potec/98.md,3,1,yes,Fourth Century Prayers | Apostolic Constitutions,,,Family and Personal Life (Throughout the Day)
potec/99.md,3,1,yes,Fourth Century Prayers | Apostolic Constitutions,,,Family and Personal Life (Throughout the Day)
tec1928/1.md,1,1,yes,,,,The Nation
tec1928/10.md,1,1,yes,,,,The Church
tec1928/11.md,1,1,yes,,,,The Church
tec1928/12.md,1,1,yes,,,,The Church
tec1928/13.md,1,1,yes,,Rogation Days -> Other Feasts,,Other Feasts
tec1928/14.md,1,1,yes,,Rogation Days -> Other Feasts,,Other Feasts
tec1928/15.md,1,1,yes,,,,Creation
tec1928/16.md,1,1,yes,,,,Creation
tec1928/17.md,1,1,yes,,,,Creation
tec1928/18.md,1,1,yes,,,,Social Order
tec1928/19.md,1,1,yes,,,,Social Order
tec1928/2.md,1,1,yes,,,,The Nation
tec1928/20.md,1,1,yes,,,,The Nation
tec1928/21.md,1,1,yes,,,,The Nation
tec1928/22.md,1,1,yes,,,,The Nation
tec1928/23.md,1,1,yes,,,,Social Order
tec1928/24.md,1,1,yes,,,,Social Order
tec1928/25.md,1,1,yes,,,,Family and Personal Life
tec1928/26.md,1,1,yes,,,,Pastoral
tec1928/27.md,1,1,yes,,,,The Church
tec1928/28.md,1,1,yes,,,,Social Order
tec1928/29.md,1,1,yes,,,,Family and Personal Life
tec1928/3.md,1,1,yes,,,,The Nation
tec1928/30.md,1,1,yes,,,,The World
tec1928/31.md,1,1,yes,,,,Pastoral
tec1928/32.md,1,1,yes,,,,Pastoral
tec1928/33.md,1,1,yes,,,,Pastoral
tec1928/34.md,1,1,yes,,,,Pastoral
tec1928/35.md,1,1,yes,,,,Pastoral
tec1928/36.md,1,1,yes,,,,Pastoral
tec1928/37.md,1,1,yes,,,,General and Concluding Prayers
tec1928/38.md,1,1,yes,,,,Collects
tec1928/39.md,1,1,yes,,,,Collects
tec1928/4.md,1,1,yes,,,,The Nation
tec1928/40.md,1,1,yes,,,,Collects
tec1928/41.md,1,1,yes,,,,Collects
tec1928/42.md,1,1,yes,,,,Collects
tec1928/43.md,1,1,yes,,,,Collects
tec1928/44.md,1,1,yes,,,,Thanksgivings
tec1928/45.md,1,1,yes,,,,Thanksgivings
tec1928/46.md,1,1,yes,,,,Thanksgivings
tec1928/47.md,1,1,yes,,,,Thanksgivings
tec1928/48.md,1,1,yes,,,,Thanksgivings
tec1928/49.md,1,1,yes,,,,Thanksgivings
tec1928/5.md,1,1,yes,,,,The Nation
tec1928/50.md,1,1,yes,,,,Thanksgivings
tec1928/51.md,1,1,yes,,,,Thanksgivings
tec1928/52.md,1,1,yes,,,,Thanksgivings
tec1928/53.md,1,1,yes,,,,Thanksgivings
tec1928/6.md,1,1,yes,,,,The Church
tec1928/7.md,1,1,yes,,,,The Church
tec1928/8.md,1,1,yes,,,,The Church
tec1928/9.md,1,1,yes,,,,The Church
tec1979/1.md,1,1,yes,,,,The World
tec1979/10.md,1,1,yes,,,,The Church
tec1979/11.md,1,1,yes,,,,The Church
tec1979/12.md,1,1,yes,,,,The Church
tec1979/13.md,1,1,yes,,,,The Church
tec1979/14.md,1,1,yes,,,,The Church
tec1979/15.md,1,1,yes,,,,The Church
tec1979/16.md,1,1,yes,,,,The Church
tec1979/17.md,1,1,yes,,,,The Church
tec1979/18.md,1,1,yes,,,,The Nation
tec1979/19.md,1,1,yes,,,,The Nation
tec1979/2.md,1,1,yes,,,,The World
tec1979/20.md,1,1,yes,,,,The Nation
tec1979/21.md,1,1,yes,,,,The Nation
tec1979/22.md,1,1,yes,,,,The Nation
tec1979/23.md,1,1,yes,,,,The Nation
tec1979/24.md,1,1,yes,,,,The Nation
tec1979/25.md,1,1,yes,,,,The Nation
tec1979/26.md,1,1,yes,,,,The Nation
tec1979/27.md,1,1,yes,,,,Social Order
tec1979/28.md,1,1,yes,,,,Social Order
tec1979/29.md,1,1,yes,,,,Social Order
tec1979/3.md,1,1,yes,,,,The World
tec1979/30.md,1,1,yes,,,,Social Order
tec1979/31.md,1,1,yes,,,,Social Order
tec1979/32.md,1,1,yes,,,,Social Order
tec1979/33.md,1,1,yes,,,,Social Order
tec1979/34.md,1,1,yes,,,,Social Order
tec1979/35.md,1,1,yes,,,,Social Order
tec1979/36.md,1,1,yes,,,,Social Order
tec1979/37.md,1,1,yes,,,,Social Order
tec1979/38.md,1,1,yes,,,,Social Order
tec1979/39.md,1,1,yes,,,,Social Order
tec1979/4.md,1,1,yes,,,,The World
tec1979/40.md,1,1,yes,,,,Creation
tec1979/41.md,1,1,yes,,,,Creation
tec1979/42.md,1,1,yes,,,,Creation
tec1979/43.md,1,1,yes,,,,Creation
tec1979/44.md,1,1,yes,,,,Creation
tec1979/45.md,1,1,yes,,,,Family and Personal Life
tec1979/46.md,1,1,yes,,,,Family and Personal Life
tec1979/47.md,1,1,yes,,,,Family and Personal Life
tec1979/48.md,1,1,yes,,,,Family and Personal Life
tec1979/49.md,1,1,yes,,,,Family and Personal Life
tec1979/5.md,1,1,yes,,,,The World
tec1979/50.md,1,1,yes,,,,Family and Personal Life
tec1979/51.md,1,1,yes,,,,Family and Personal Life
tec1979/52.md,1,1,yes,,,,Family and Personal Life
tec1979/53.md,1,1,yes,,,,Family and Personal Life
tec1979/54.md,1,1,yes,,,,Family and Personal Life
tec1979/55.md,1,1,yes,,,,Family and Personal Life
tec1979/56.md,1,1,yes,,,,Family and Personal Life
tec1979/57.md,1,1,yes,,,,Family and Personal Life
tec1979/58.md,1,1,yes,,,,Family and Personal Life
tec1979/59.md,1,1,yes,,,,Family and Personal Life
tec1979/6.md,1,1,yes,,,,The World
tec1979/60.md,1,1,yes,,,,Family and Personal Life
tec1979/61.md,1,1,yes,,,,Family and Personal Life
tec1979/62.md,1,1,yes,,,,Family and Personal Life
tec1979/63.md,1,1,yes,,,,Family and Personal Life (Throughout the Day)
tec1979/64.md,1,1,yes,,,,At Times of Prayer and Worship
tec1979/65.md,1,1,yes,,,,General and Concluding Prayers
tec1979/66.md,1,1,yes,,,,At Times of Prayer and Worship
tec1979/67.md,1,1,yes,,,,At Times of Prayer and Worship
tec1979/68.md,1,1,yes,,,,At Times of Prayer and Worship
tec1979/69.md,1,1,yes,,,,At Times of Prayer and Worship
tec1979/7.md,1,1,yes,,,,The Church
tec1979/70.md,1,1,yes,,,,Family and Personal Life (Throughout the Day)
tec1979/71.md,1,1,yes,,,,Family and Personal Life (Throughout the Day)
tec1979/72.md,1,1,yes,,,,Family and Personal Life (Throughout the Day)
tec1979/73.md,1,1,yes,,,,Family and Personal Life (Throughout the Day)
tec1979/74.md,1,1,yes,,,,Thanksgivings
tec1979/75.md,1,1,yes,,,,Thanksgivings
tec1979/76.md,2,1,yes,Thanksgivings for the Church,,,Thanksgivings
tec1979/77.md,2,1,yes,Thanksgivings for the Church,,,Thanksgivings
tec1979/78.md,2,1,yes,Thanksgivings for National Life,,,Thanksgivings
tec1979/79.md,2,1,yes,Thanksgivings for National Life,,,Thanksgivings
tec1979/8.md,1,1,yes,,,,The Church
tec1979/80.md,2,1,yes,Thanksgivings for the Social Order,,,Thanksgivings
tec1979/81.md,2,1,yes,Thanksgivings for the Natural Order,,,Thanksgivings
tec1979/82.md,2,1,yes,Thanksgivings for the Natural Order,,,Thanksgivings
tec1979/83.md,2,2,yes,,Thanksgivings for Family and Personal Life -> Family and Personal Life,,Thanksgivings | Family and Personal Life
tec1979/84.md,2,2,yes,,Thanksgivings for Family and Personal Life -> Family and Personal Life,,Thanksgivings | Family and Personal Life
tec1979/9.md,1,1,yes,,,,The Church
